Vuln ID,Severity,Status,Rule ID,STIG ID,Rule Title,IA Controls,Check Content,Group Title,Fix Text,False Positives,False Negatives,Documentable,Mitigations,Potential Impact,Discussion,Third Party Tools,Mitigation Control,Responsibility,Severity Override Guidance,Check Content Reference,Classification,STIG,VMS Asset Posture,Comments,Finding Details,Severity Override,Severity Override Justification,CCI Data
V-1000,medium,Not_Applicable,SV-1000_rule,1.001,Rule title 1,ECSC-1,check 1,gp title 1,fix text 1,False Positives,False Negatives,FALSE,,,discussion 1,,,Information Assurance Officer,,,Unclass,Windows Server 2008 R2 Member Server Security Technical Implementation Guide,1823,comment 1,,,,
V-1001,medium,Not_Applicable,SV-1001_rule,1.002,rule title 2,ECSC-1,check 2 ,gp title 2,fix text 2,False Positives,False Negatives,FALSE,,,discussion 2,,,Information Assurance Officer,,,Unclass,Windows Server 2008 R2 Member Server Security Technical Implementation Guide,1823,comment 2,,,,
V-1002,high,NotAFinding,SV-1002_rule,1.003,Rule title 3,ECSC-1,check 3,gp title 3,fix text 3,False Positives,False Negatives,FALSE,,,discussion 3,HK,,System Administrator,,,Unclass,Windows Server 2008 R2 Member Server Security Technical Implementation Guide,1823,comment 3,,,,
V-1003,high,NotAFinding,SV-1000_rule,1.004,Rule title 4,ECSC-1,check 4,gp title 4,fix text 4,False Positives,False Negatives,TRUE,,,discussion 4,,,System Administrator,,,Unclass,Windows Server 2008 R2 Member Server Security Technical Implementation Guide,1823,comment 4,,,,
V-1004,low,NotAFinding,SV-1001_rule,1.005,Rule title 5,ECSC-1,check 5,gp title 5,fix text 5,False Positives,False Negatives,FALSE,,,discussion 5,HK,,System Administrator,,,Unclass,Windows Server 2008 R2 Member Server Security Technical Implementation Guide,1823,comment 5,,,,
V-1005,low,Not_Applicable,SV-1002_rule,1.006,Rule title 6,ECSC-1,check 6,gp title 6,fix text 6,False Positives,False Negatives,FALSE,,,discussion 6,,,Information Assurance Officer,,,Unclass,Windows Server 2008 R2 Member Server Security Technical Implementation Guide,1823,comment 6,,,,
V-1006,medium,Not_Applicable,SV-1000_rule,1.007,Rule title 7,ECSC-1,check 7,gp title 7,fix text 7,False Positives,False Negatives,FALSE,,,discussion 7,,,Information Assurance Officer,,,Unclass,Windows Server 2008 R2 Member Server Security Technical Implementation Guide,1823,comment 7,,,,
V-1007,medium,NotAFinding,SV-1001_rule,1.008,Rule title 8,ECSC-1,check 8,gp title 8,fix text 8,False Positives,False Negatives,FALSE,,,discussion 8,,,System Administrator,,,Unclass,Windows Server 2008 R2 Member Server Security Technical Implementation Guide,1823,comment 8,,,,
V-1008,high,NotAFinding,SV-1002_rule,1.009,Rule title 9,ECSC-1,check 9,gp title 9,fix text 9,False Positives,False Negatives,TRUE,,,discussion 9,,,Information Assurance Officer,,,Unclass,Windows Server 2008 R2 Member Server Security Technical Implementation Guide,1823,comment 9,,,,
V-1009,medium,Open,SV-1000_rule,1.01,Rule title 10,ECSC-1,check 10,gp title 10,fix text 10,False Positives,False Negatives,FALSE,,,discussion 10,,,System Administrator,,,Unclass,Windows Server 2008 R2 Member Server Security Technical Implementation Guide,1823,comment 10,,,,
V-1010,medium,NotAFinding,SV-1001_rule,1.011,Rule title 11,ECSC-1,check 11,gp title 11,fix text 11,False Positives,False Negatives,FALSE,,,discussion 11,,,System Administrator,,,Unclass,Windows Server 2008 R2 Member Server Security Technical Implementation Guide,1823,comment 11,,,,
V-1011,low,NotAFinding,SV-1002_rule,1.012,Rule title 12,ECSC-1,check 12,gp title 12,fix text 12,False Positives,False Negatives,FALSE,,,discussion 12,HK,,System Administrator,,,Unclass,Windows Server 2008 R2 Member Server Security Technical Implementation Guide,1823,comment 12,,,,
V-1012,high,NotAFinding,SV-1000_rule,1.013,Rule title 13,ECSC-1,check 13,gp title 13,fix text 13,False Positives,False Negatives,TRUE,,,discussion 13,,,Information Assurance Officer,,,Unclass,Windows Server 2008 R2 Member Server Security Technical Implementation Guide,1823,comment 13,,,,
V-1013,medium,NotAFinding,SV-1001_rule,1.014,Rule title 14,ECSC-1,check 14,gp title 14,fix text 14,False Positives,False Negatives,FALSE,,,discussion 14,HK,,System Administrator,,,Unclass,Windows Server 2008 R2 Member Server Security Technical Implementation Guide,1823,comment 14,,,,
V-1014,medium,NotAFinding,SV-1002_rule,1.015,Rule title 15,ECSC-1,check 15,gp title 15,fix text 15,False Positives,False Negatives,FALSE,,,discussion 15,HK,,System Administrator,,,Unclass,Windows Server 2008 R2 Member Server Security Technical Implementation Guide,1823,comment 15,,,,
V-1015,medium,NotAFinding,SV-1000_rule,1.016,Rule title 16,ECSC-1,check 16,gp title 16,fix text 16,False Positives,False Negatives,FALSE,,,discussion 16,HK,,System Administrator,,,Unclass,Windows Server 2008 R2 Member Server Security Technical Implementation Guide,1823,comment 16,,,,
V-1016,high,NotAFinding,SV-1001_rule,1.017,Rule title 17,ECSC-1,check 17,gp title 17,fix text 17,False Positives,False Negatives,TRUE,,,discussion 17,,,Information Assurance Officer,,,Unclass,Windows Server 2008 R2 Member Server Security Technical Implementation Guide,1823,comment 17,,,,
V-1017,medium,NotAFinding,SV-1002_rule,1.018,Rule title 18,ECSC-1,check 18,gp title 18,fix text 18,False Positives,False Negatives,FALSE,,,discussion 18,HK,,System Administrator,,,Unclass,Windows Server 2008 R2 Member Server Security Technical Implementation Guide,1823,comment 18,,,,
V-1018,medium,NotAFinding,SV-1000_rule,1.019,Rule title 19,ECSC-1,check 19,gp title 19,fix text 19,False Positives,False Negatives,FALSE,,,discussion 19,HK,,System Administrator,,,Unclass,Windows Server 2008 R2 Member Server Security Technical Implementation Guide,1823,comment 19,,,,
V-1019,medium,NotAFinding,SV-1001_rule,1.02,Rule title 20,ECSC-1,check 20,gp title 20,fix text 20,False Positives,False Negatives,FALSE,,,discussion 20,HK,,System Administrator,,,Unclass,Windows Server 2008 R2 Member Server Security Technical Implementation Guide,1823,comment 20,,,,
V-1020,low,Open,SV-1002_rule,1.021,Rule title 21,ECSC-1,check 21,gp title 21,fix text 21,False Positives,False Negatives,TRUE,,,discussion 21,,,System Administrator,,,Unclass,Windows Server 2008 R2 Member Server Security Technical Implementation Guide,1823,comment 21,,,,
V-1021,medium,NotAFinding,SV-1000_rule,1.022,Rule title 22,ECSC-1,check 22,gp title 22,fix text 22,False Positives,False Negatives,FALSE,,,discussion 22,,,System Administrator,,,Unclass,Windows Server 2008 R2 Member Server Security Technical Implementation Guide,1823,comment 22,,,,
V-1022,medium,NotAFinding,SV-1001_rule,1.023,Rule title 23,ECSC-1,check 23,gp title 23,fix text 23,False Positives,False Negatives,FALSE,,,discussion 23,,,System Administrator,,,Unclass,Windows Server 2008 R2 Member Server Security Technical Implementation Guide,1823,comment 23,,,,
V-1023,medium,NotAFinding,SV-1002_rule,1.024,Rule title 24,ECSC-1,check 24,gp title 24,fix text 24,False Positives,False Negatives,FALSE,,,discussion 24,,,System Administrator,,,Unclass,Windows Server 2008 R2 Member Server Security Technical Implementation Guide,1823,comment 24,,,,
V-1024,medium,NotAFinding,SV-1000_rule,1.025,Rule title 25,ECSC-1,check 25,gp title 25,fix text 25,False Positives,False Negatives,FALSE,,,discussion 25,,,System Administrator,,,Unclass,Windows Server 2008 R2 Member Server Security Technical Implementation Guide,1823,comment 25,,,,
V-1025,medium,NotAFinding,SV-1001_rule,1.026,Rule title 26,ECSC-1,check 26,gp title 26,fix text 26,False Positives,False Negatives,FALSE,,,discussion 26,,,System Administrator,"If accounts with administrator privileges are used to access FTP, then this becomes a Category I finding.",,Unclass,Windows Server 2008 R2 Member Server Security Technical Implementation Guide,1823,comment 26,,,,
V-1026,high,NotAFinding,SV-1002_rule,1.027,Rule title 27,ECSC-1,check 27,gp title 27,fix text 27,False Positives,False Negatives,FALSE,,,discussion 27,,,System Administrator,,,Unclass,Windows Server 2008 R2 Member Server Security Technical Implementation Guide,1823,comment 27,,,,
V-1027,medium,NotAFinding,SV-1000_rule,1.028,Rule title 28,ECSC-1,check 28,gp title 28,fix text 28,False Positives,False Negatives,TRUE,,,discussion 28,,,Information Assurance Officer,,,Unclass,Windows Server 2008 R2 Member Server Security Technical Implementation Guide,1823,comment 28,,,,
V-1028,high,Not_Applicable,SV-1001_rule,1.029,Rule title 29,ECSC-1,check 29,gp title 29,fix text 29,False Positives,False Negatives,TRUE,,,discussion 29,,,System Administrator,,,Unclass,Windows Server 2008 R2 Member Server Security Technical Implementation Guide,1823,comment 29,,,,
V-1029,low,Not_Applicable,SV-1002_rule,1.03,Rule title 30,ECSC-1,check 30,gp title 30,fix text 30,False Positives,False Negatives,FALSE,,,discussion 30,,,System Administrator,,,Unclass,Windows Server 2008 R2 Member Server Security Technical Implementation Guide,1823,comment 30,,,,
V-1030,medium,NotAFinding,SV-1000_rule,1.031,Rule title 31,ECSC-1,check 31,gp title 31,fix text 31,False Positives,False Negatives,TRUE,,,discussion 31,,,System Administrator,,,Unclass,Windows Server 2008 R2 Member Server Security Technical Implementation Guide,1823,comment 31,,,,
V-1031,medium,NotAFinding,SV-1001_rule,1.032,Rule title 32,ECSC-1,check 32,gp title 32,fix text 32,False Positives,False Negatives,FALSE,,,discussion 32,,,System Administrator,"If no password filter is used, and the security option for “Password must meet complexity requirements” (V0001150/3.028) is set to “Enabled”, then this finding can be downgraded to a Category III, since a less strict complexity algorithm is used.",,Unclass,Windows Server 2008 R2 Member Server Security Technical Implementation Guide,1823,comment 32,,,,
V-1032,low,Not_Applicable,SV-1002_rule,1.033,Rule title 33,ECSC-1,check 33,gp title 33,fix text 33,False Positives,False Negatives,FALSE,,,discussion 33,,,System Administrator,,,Unclass,Windows Server 2008 R2 Member Server Security Technical Implementation Guide,1823,comment 33,,,,
V-1033,low,NotAFinding,SV-1000_rule,1.034,Rule title 34,ECSC-1,check 34,gp title 34,fix text 34,False Positives,False Negatives,FALSE,,,discussion 34,HK,,System Administrator,,,Unclass,Windows Server 2008 R2 Member Server Security Technical Implementation Guide,1823,comment 34,,,,
V-1034,medium,Not_Applicable,SV-1001_rule,1.035,Rule title 35,ECSC-1,check 35,gp title 35,fix text 35,False Positives,False Negatives,FALSE,,,discussion 35,,,Information Assurance Officer,,,Unclass,Windows Server 2008 R2 Member Server Security Technical Implementation Guide,1823,comment 35,,,,
V-1035,high,Not_Applicable,SV-1002_rule,1.036,Rule title 36,ECSC-1,check 36,gp title 36,fix text 36,False Positives,False Negatives,FALSE,,,discussion 36,,,Information Assurance Officer,,,Unclass,Windows Server 2008 R2 Member Server Security Technical Implementation Guide,1823,comment 36,,,,
V-1036,medium,NotAFinding,SV-1000_rule,1.037,Rule title 37,ECSC-1,check 37,gp title 37,fix text 37,False Positives,False Negatives,FALSE,,,discussion 37,HK,,System Administrator,,,Unclass,Windows Server 2008 R2 Member Server Security Technical Implementation Guide,1823,comment 37,,,,
V-1037,medium,NotAFinding,SV-1001_rule,1.038,Rule title 38,ECSC-1,check 38,gp title 38,fix text 38,False Positives,False Negatives,FALSE,,,discussion 38,,,System Administrator,"If the DefaultName or DefaultDomainName in the same registry path contain an administrator account name and the DefaultPassword contains a value, this is a CAT I finding.",,Unclass,Windows Server 2008 R2 Member Server Security Technical Implementation Guide,1823,comment 38,,,,
V-1038,low,NotAFinding,SV-1002_rule,1.039,Rule title 39,ECSC-1,check 39,gp title 39,fix text 39,False Positives,False Negatives,FALSE,,,discussion 39,,,System Administrator,,,Unclass,Windows Server 2008 R2 Member Server Security Technical Implementation Guide,1823,comment 39,,,,
V-1039,low,NotAFinding,SV-1000_rule,1.04,Rule title 40,ECSC-1,check 40,gp title 40,fix text 40,False Positives,False Negatives,FALSE,,,discussion 40,,,Information Assurance Officer,,,Unclass,Windows Server 2008 R2 Member Server Security Technical Implementation Guide,1823,comment 40,,,,
V-1040,high,NotAFinding,SV-1001_rule,1.041,Rule title 41,ECSC-1,check 41,gp title 41,fix text 41,False Positives,False Negatives,FALSE,,,discussion 41,,,Information Assurance Officer,,,Unclass,Windows Server 2008 R2 Member Server Security Technical Implementation Guide,1823,comment 41,,,,
V-1041,high,NotAFinding,SV-1002_rule,1.042,Rule title 42,ECSC-1,check 42,gp title 42,fix text 42,False Positives,False Negatives,TRUE,,,discussion 42,,,Information Assurance Officer,,,Unclass,Windows Server 2008 R2 Member Server Security Technical Implementation Guide,1823,comment 42,,,,
V-1042,medium,NotAFinding,SV-1000_rule,1.043,Rule title 43,ECSC-1,check 43,gp title 43,fix text 43,False Positives,False Negatives,FALSE,,,discussion 43,HK,,System Administrator,,,Unclass,Windows Server 2008 R2 Member Server Security Technical Implementation Guide,1823,comment 43,,,,
V-1043,medium,NotAFinding,SV-1001_rule,1.044,Rule title 44,ECSC-1,check 44,gp title 44,fix text 44,False Positives,False Negatives,FALSE,,,discussion 44,,,System Administrator,,,Unclass,Windows Server 2008 R2 Member Server Security Technical Implementation Guide,1823,comment 44,,,,
V-1044,medium,NotAFinding,SV-1002_rule,1.045,Rule title 45,ECSC-1,check 45,gp title 45,fix text 45,False Positives,False Negatives,TRUE,,,discussion 45,HK,,Information Assurance Officer,,,Unclass,Windows Server 2008 R2 Member Server Security Technical Implementation Guide,1823,comment 45,,,,
V-1045,low,NotAFinding,SV-1000_rule,1.046,Rule title 46,ECSC-1,check 46,gp title 46,fix text 46,False Positives,False Negatives,FALSE,,,discussion 46,HK,,System Administrator,,,Unclass,Windows Server 2008 R2 Member Server Security Technical Implementation Guide,1823,comment 46,,,,
V-1046,high,NotAFinding,SV-1001_rule,1.047,Rule title 47,ECSC-1,check 47,gp title 47,fix text 47,False Positives,False Negatives,FALSE,,,discussion 47,HK,,System Administrator,,,Unclass,Windows Server 2008 R2 Member Server Security Technical Implementation Guide,1823,comment 47,,,,
V-1047,medium,Open,SV-1002_rule,1.048,Rule title 48,ECSC-1,check 48,gp title 48,fix text 48,False Positives,False Negatives,FALSE,,,discussion 48,HK,,System Administrator,,,Unclass,Windows Server 2008 R2 Member Server Security Technical Implementation Guide,1823,comment 48,,,,
V-1048,medium,NotAFinding,SV-1000_rule,1.049,Rule title 49,ECSC-1,check 49,gp title 49,fix text 49,False Positives,False Negatives,FALSE,,,discussion 49,HK,,System Administrator,,,Unclass,Windows Server 2008 R2 Member Server Security Technical Implementation Guide,1823,comment 49,,,,
V-1049,medium,NotAFinding,SV-1001_rule,1.05,Rule title 50,ECSC-1,check 50,gp title 50,fix text 50,False Positives,False Negatives,FALSE,,,discussion 50,HK,,System Administrator,,,Unclass,Windows Server 2008 R2 Member Server Security Technical Implementation Guide,1823,comment 50,,,,
V-1050,low,NotAFinding,SV-1002_rule,1.051,Rule title 51,ECSC-1,check 51,gp title 51,fix text 51,False Positives,False Negatives,FALSE,,,discussion 51,HK,,System Administrator,,,Unclass,Windows Server 2008 R2 Member Server Security Technical Implementation Guide,1823,comment 51,,,,
V-1051,medium,Open,SV-1000_rule,1.052,Rule title 52,ECSC-1,check 52,gp title 52,fix text 52,False Positives,False Negatives,FALSE,,,discussion 52,HK,,System Administrator,,,Unclass,Windows Server 2008 R2 Member Server Security Technical Implementation Guide,1823,comment 52,,,,
V-1052,medium,Not_Applicable,SV-1001_rule,1.053,Rule title 53,ECSC-1,check 53,gp title 53,fix text 53,False Positives,False Negatives,TRUE,,,discussion 53,,,Information Assurance Officer,,,Unclass,Windows Server 2008 R2 Member Server Security Technical Implementation Guide,1823,comment 53,,,,
V-1053,medium,Open,SV-1002_rule,1.054,Rule title 54,ECSC-1,check 54,gp title 54,fix text 54,False Positives,False Negatives,FALSE,,,discussion 54,HK,,System Administrator,,,Unclass,Windows Server 2008 R2 Member Server Security Technical Implementation Guide,1823,comment 54,,,,
V-1054,low,NotAFinding,SV-1000_rule,1.055,Rule title 55,ECSC-1,check 55,gp title 55,fix text 55,False Positives,False Negatives,FALSE,,,discussion 55,HK,,System Administrator,,,Unclass,Windows Server 2008 R2 Member Server Security Technical Implementation Guide,1823,comment 55,,,,
V-1055,low,NotAFinding,SV-1001_rule,1.056,Rule title 56,ECSC-1,check 56,gp title 56,fix text 56,False Positives,False Negatives,FALSE,,,discussion 56,HK,,System Administrator,,,Unclass,Windows Server 2008 R2 Member Server Security Technical Implementation Guide,1823,comment 56,,,,
V-1056,low,NotAFinding,SV-1002_rule,1.057,Rule title 57,ECSC-1,check 57,gp title 57,fix text 57,False Positives,False Negatives,FALSE,,,discussion 57,HK,,System Administrator,,,Unclass,Windows Server 2008 R2 Member Server Security Technical Implementation Guide,1823,comment 57,,,,
V-1057,medium,NotAFinding,SV-1000_rule,1.058,Rule title 58,ECSC-1,check 58,gp title 58,fix text 58,False Positives,False Negatives,FALSE,,,discussion 58,,,System Administrator,,,Unclass,Windows Server 2008 R2 Member Server Security Technical Implementation Guide,1823,comment 58,,,,
V-1058,high,NotAFinding,SV-1001_rule,1.059,Rule title 59,ECSC-1,check 59,gp title 59,fix text 59,False Positives,False Negatives,FALSE,,,discussion 59,HK,,System Administrator,,,Unclass,Windows Server 2008 R2 Member Server Security Technical Implementation Guide,1823,comment 59,,,,
V-1059,medium,Not_Applicable,SV-1002_rule,1.06,Rule title 60,ECSC-1,check 60,gp title 60,fix text 60,False Positives,False Negatives,FALSE,,,discussion 60,,,Information Assurance Officer,,,Unclass,Windows Server 2008 R2 Member Server Security Technical Implementation Guide,1823,comment 60,,,,
V-1060,high,Not_Applicable,SV-1000_rule,1.061,Rule title 61,ECSC-1,check 61,gp title 61,fix text 61,False Positives,False Negatives,FALSE,,,discussion 61,,,Information Assurance Officer,,,Unclass,Windows Server 2008 R2 Member Server Security Technical Implementation Guide,1823,comment 61,,,,
V-1061,medium,NotAFinding,SV-1001_rule,1.062,Rule title 62,ECSC-1,check 62,gp title 62,fix text 62,False Positives,False Negatives,TRUE,,,discussion 62,,,System Administrator,,,Unclass,Windows Server 2008 R2 Member Server Security Technical Implementation Guide,1823,comment 62,,,,
V-1062,medium,Not_Applicable,SV-1002_rule,1.063,Rule title 63,ECSC-1,check 63,gp title 63,fix text 63,False Positives,False Negatives,FALSE,,,discussion 63,,,Information Assurance Officer,"This finding can be downgraded to a Category III, if there is an active JIDS or Firewall protecting the network.",,Unclass,Windows Server 2008 R2 Member Server Security Technical Implementation Guide,1823,comment 63,,,,
V-1063,high,NotAFinding,SV-1000_rule,1.064,Rule title 64,ECSC-1,check 64,gp title 64,fix text 64,False Positives,False Negatives,TRUE,,,discussion 64,,,Information Assurance Officer,,,Unclass,Windows Server 2008 R2 Member Server Security Technical Implementation Guide,1823,comment 64,,,,
V-1064,high,NotAFinding,SV-1001_rule,1.065,Rule title 65,ECSC-1,check 65,gp title 65,fix text 65,False Positives,False Negatives,FALSE,,,discussion 65,,,System Administrator,,,Unclass,Windows Server 2008 R2 Member Server Security Technical Implementation Guide,1823,comment 65,,,,
V-1065,high,NotAFinding,SV-1002_rule,1.066,Rule title 66,ECSC-1,check 66,gp title 66,fix text 66,False Positives,False Negatives,FALSE,,,discussion 66,,,System Administrator,,,Unclass,Windows Server 2008 R2 Member Server Security Technical Implementation Guide,1823,comment 66,,,,
V-1066,high,NotAFinding,SV-1000_rule,1.067,Rule title 67,ECSC-1,check 67,gp title 67,fix text 67,False Positives,False Negatives,FALSE,,,discussion 67,HK,,System Administrator,,,Unclass,Windows Server 2008 R2 Member Server Security Technical Implementation Guide,1823,comment 67,,,,
V-1067,high,NotAFinding,SV-1001_rule,1.068,Rule title 68,ECSC-1,check 68,gp title 68,fix text 68,False Positives,False Negatives,FALSE,,,discussion 68,HK,,System Administrator,,,Unclass,Windows Server 2008 R2 Member Server Security Technical Implementation Guide,1823,comment 68,,,,
V-1068,high,NotAFinding,SV-1002_rule,1.069,Rule title 69,ECSC-1,check 69,gp title 69,fix text 69,False Positives,False Negatives,FALSE,,,discussion 69,HK,,System Administrator,,,Unclass,Windows Server 2008 R2 Member Server Security Technical Implementation Guide,1823,comment 69,,,,
V-1069,medium,NotAFinding,SV-1000_rule,1.07,Rule title 70,ECSC-1,check 70,gp title 70,fix text 70,False Positives,False Negatives,FALSE,,,discussion 70,HK,,System Administrator,,,Unclass,Windows Server 2008 R2 Member Server Security Technical Implementation Guide,1823,comment 70,,,,
V-1070,low,NotAFinding,SV-1001_rule,1.071,Rule title 71,ECSC-1,check 71,gp title 71,fix text 71,False Positives,False Negatives,FALSE,,,discussion 71,HK,,System Administrator,,,Unclass,Windows Server 2008 R2 Member Server Security Technical Implementation Guide,1823,comment 71,,,,
V-1071,medium,NotAFinding,SV-1002_rule,1.072,Rule title 72,ECSC-1,check 72,gp title 72,fix text 72,False Positives,False Negatives,FALSE,,,discussion 72,HK,,Information Assurance Officer,,,Unclass,Windows Server 2008 R2 Member Server Security Technical Implementation Guide,1823,comment 72,,,,
V-1072,medium,NotAFinding,SV-1000_rule,1.073,Rule title 73,ECSC-1,check 73,gp title 73,fix text 73,False Positives,False Negatives,FALSE,,,discussion 73,HK,,System Administrator,,,Unclass,Windows Server 2008 R2 Member Server Security Technical Implementation Guide,1823,comment 73,,,,
V-1073,medium,NotAFinding,SV-1001_rule,1.074,Rule title 74,ECSC-1,check 74,gp title 74,fix text 74,False Positives,False Negatives,FALSE,,,discussion 74,HK,,System Administrator,,,Unclass,Windows Server 2008 R2 Member Server Security Technical Implementation Guide,1823,comment 74,,,,
V-1074,medium,NotAFinding,SV-1002_rule,1.075,Rule title 75,ECSC-1,check 75,gp title 75,fix text 75,False Positives,False Negatives,FALSE,,,discussion 75,HK,,System Administrator,,,Unclass,Windows Server 2008 R2 Member Server Security Technical Implementation Guide,1823,comment 75,,,,
V-1075,high,NotAFinding,SV-1000_rule,1.076,Rule title 76,ECSC-1,check 76,gp title 76,fix text 76,False Positives,False Negatives,FALSE,,,discussion 76,HK,,System Administrator,,,Unclass,Windows Server 2008 R2 Member Server Security Technical Implementation Guide,1823,comment 76,,,,
V-1076,medium,NotAFinding,SV-1001_rule,1.077,Rule title 77,ECSC-1,check 77,gp title 77,fix text 77,False Positives,False Negatives,FALSE,,,discussion 77,HK,,System Administrator,,,Unclass,Windows Server 2008 R2 Member Server Security Technical Implementation Guide,1823,comment 77,,,,
V-1077,medium,NotAFinding,SV-1002_rule,1.078,Rule title 78,ECSC-1,check 78,gp title 78,fix text 78,False Positives,False Negatives,FALSE,,,discussion 78,HK,,System Administrator,,,Unclass,Windows Server 2008 R2 Member Server Security Technical Implementation Guide,1823,comment 78,,,,
V-1078,medium,NotAFinding,SV-1000_rule,1.079,Rule title 79,ECSC-1,check 79,gp title 79,fix text 79,False Positives,False Negatives,TRUE,,,discussion 79,,,Information Assurance Officer,,,Unclass,Windows Server 2008 R2 Member Server Security Technical Implementation Guide,1823,comment 79,,,,
V-1079,medium,NotAFinding,SV-1001_rule,1.08,Rule title 80,ECSC-1,check 80,gp title 80,fix text 80,False Positives,False Negatives,FALSE,,,discussion 80,HK,,System Administrator,,,Unclass,Windows Server 2008 R2 Member Server Security Technical Implementation Guide,1823,comment 80,,,,
V-1080,medium,NotAFinding,SV-1002_rule,1.081,Rule title 81,ECSC-1,check 81,gp title 81,fix text 81,False Positives,False Negatives,FALSE,,,discussion 81,HK,,System Administrator,,,Unclass,Windows Server 2008 R2 Member Server Security Technical Implementation Guide,1823,comment 81,,,,
V-1081,medium,NotAFinding,SV-1000_rule,1.082,Rule title 82,ECSC-1,check 82,gp title 82,fix text 82,False Positives,False Negatives,TRUE,,,discussion 82,,,Information Assurance Officer,,,Unclass,Windows Server 2008 R2 Member Server Security Technical Implementation Guide,1823,comment 82,,,,
V-1082,medium,NotAFinding,SV-1001_rule,1.083,Rule title 83,ECSC-1,check 83,gp title 83,fix text 83,False Positives,False Negatives,FALSE,,,discussion 83,HK,,System Administrator,,,Unclass,Windows Server 2008 R2 Member Server Security Technical Implementation Guide,1823,comment 83,,,,
V-1083,medium,NotAFinding,SV-1002_rule,1.084,Rule title 84,ECSC-1,check 84,gp title 84,fix text 84,False Positives,False Negatives,FALSE,,,discussion 84,HK,,System Administrator,,,Unclass,Windows Server 2008 R2 Member Server Security Technical Implementation Guide,1823,comment 84,,,,
V-1084,medium,NotAFinding,SV-1000_rule,1.085,Rule title 85,ECSC-1,check 85,gp title 85,fix text 85,False Positives,False Negatives,FALSE,,,discussion 85,HK,,System Administrator,,,Unclass,Windows Server 2008 R2 Member Server Security Technical Implementation Guide,1823,comment 85,,,,
V-1085,medium,NotAFinding,SV-1001_rule,1.086,Rule title 86,ECSC-1,check 86,gp title 86,fix text 86,False Positives,False Negatives,FALSE,,,discussion 86,HK,,System Administrator,,,Unclass,Windows Server 2008 R2 Member Server Security Technical Implementation Guide,1823,comment 86,,,,
V-1086,medium,NotAFinding,SV-1002_rule,1.087,Rule title 87,ECSC-1,check 87,gp title 87,fix text 87,False Positives,False Negatives,FALSE,,,discussion 87,HK,,System Administrator,,,Unclass,Windows Server 2008 R2 Member Server Security Technical Implementation Guide,1823,comment 87,,,,
V-1087,medium,NotAFinding,SV-1000_rule,1.088,Rule title 88,ECSC-1,check 88,gp title 88,fix text 88,False Positives,False Negatives,FALSE,,,discussion 88,HK,,System Administrator,,,Unclass,Windows Server 2008 R2 Member Server Security Technical Implementation Guide,1823,comment 88,,,,
V-1088,medium,NotAFinding,SV-1001_rule,1.089,Rule title 89,ECSC-1,check 89,gp title 89,fix text 89,False Positives,False Negatives,FALSE,,,discussion 89,HK,,System Administrator,,,Unclass,Windows Server 2008 R2 Member Server Security Technical Implementation Guide,1823,comment 89,,,,
V-1089,medium,NotAFinding,SV-1002_rule,1.09,Rule title 90,ECSC-1,check 90,gp title 90,fix text 90,False Positives,False Negatives,FALSE,,,discussion 90,HK,,System Administrator,,,Unclass,Windows Server 2008 R2 Member Server Security Technical Implementation Guide,1823,comment 90,,,,
V-1090,medium,NotAFinding,SV-1000_rule,1.091,Rule title 91,ECSC-1,check 91,gp title 91,fix text 91,False Positives,False Negatives,TRUE,,,discussion 91,HK,,Information Assurance Officer,,,Unclass,Windows Server 2008 R2 Member Server Security Technical Implementation Guide,1823,comment 91,,,,
V-1091,low,NotAFinding,SV-1001_rule,1.092,Rule title 92,ECSC-1,check 92,gp title 92,fix text 92,False Positives,False Negatives,FALSE,,,discussion 92,,,System Administrator,,,Unclass,Windows Server 2008 R2 Member Server Security Technical Implementation Guide,1823,comment 92,,,,
V-1092,medium,Open,SV-1002_rule,1.093,Rule title 93,ECSC-1,check 93,gp title 93,fix text 93,False Positives,False Negatives,FALSE,,,discussion 93,HK,,System Administrator,,,Unclass,Windows Server 2008 R2 Member Server Security Technical Implementation Guide,1823,comment 93,,,,
V-1093,medium,NotAFinding,SV-1000_rule,1.094,Rule title 94,ECSC-1,check 94,gp title 94,fix text 94,False Positives,False Negatives,FALSE,,,discussion 94,HK,,System Administrator,,,Unclass,Windows Server 2008 R2 Member Server Security Technical Implementation Guide,1823,comment 94,,,,
V-1094,medium,NotAFinding,SV-1001_rule,1.095,Rule title 95,ECSC-1,check 95,gp title 95,fix text 95,False Positives,False Negatives,FALSE,,,discussion 95,HK,,System Administrator,,,Unclass,Windows Server 2008 R2 Member Server Security Technical Implementation Guide,1823,comment 95,,,,
V-1095,medium,NotAFinding,SV-1002_rule,1.096,Rule title 96,ECSC-1,check 96,gp title 96,fix text 96,False Positives,False Negatives,FALSE,,,discussion 96,,,System Administrator,,,Unclass,Windows Server 2008 R2 Member Server Security Technical Implementation Guide,1823,comment 96,,,,
V-1096,medium,Not_Applicable,SV-1000_rule,1.097,Rule title 97,ECSC-1,check 97,gp title 97,fix text 97,False Positives,False Negatives,FALSE,,,discussion 97,,,System Administrator,,,Unclass,Windows Server 2008 R2 Member Server Security Technical Implementation Guide,1823,comment 97,,,,
V-1097,medium,NotAFinding,SV-1001_rule,1.098,Rule title 98,ECSC-1,check 98,gp title 98,fix text 98,False Positives,False Negatives,TRUE,,,discussion 98,,,Information Assurance Officer,,,Unclass,Windows Server 2008 R2 Member Server Security Technical Implementation Guide,1823,comment 98,,,,
V-1098,medium,Not_Applicable,SV-1002_rule,1.099,Rule title 99,ECSC-1,check 99,gp title 99,fix text 99,False Positives,False Negatives,FALSE,,,discussion 99,,,Information Assurance Officer,"If any of the patches not installed are Microsoft ‘Critical’, then this should be elevated to a Category 1.",,Unclass,Windows Server 2008 R2 Member Server Security Technical Implementation Guide,1823,comment 99,,,,
V-1099,low,NotAFinding,SV-1000_rule,1.1,Rule title 100,ECSC-1,check 100,gp title 100,fix text 100,False Positives,False Negatives,TRUE,,,discussion 100,,,Information Assurance Officer,,,Unclass,Windows Server 2008 R2 Member Server Security Technical Implementation Guide,1823,comment 100,,,,
V-1100,low,Open,SV-1001_rule,1.101,Rule title 101,ECSC-1,check 101,gp title 101,fix text 101,False Positives,False Negatives,FALSE,,,discussion 101,HK,,System Administrator,,,Unclass,Windows Server 2008 R2 Member Server Security Technical Implementation Guide,1823,comment 101,,,,
V-1101,low,Open,SV-1002_rule,1.102,Rule title 102,ECSC-1,check 102,gp title 102,fix text 102,False Positives,False Negatives,FALSE,,,discussion 102,HK,,System Administrator,,,Unclass,Windows Server 2008 R2 Member Server Security Technical Implementation Guide,1823,comment 102,,,,
V-1102,low,Open,SV-1000_rule,1.103,Rule title 103,ECSC-1,check 103,gp title 103,fix text 103,False Positives,False Negatives,FALSE,,,discussion 103,HK,,System Administrator,,,Unclass,Windows Server 2008 R2 Member Server Security Technical Implementation Guide,1823,comment 103,,,,
V-1103,low,Open,SV-1001_rule,1.104,Rule title 104,ECSC-1,check 104,gp title 104,fix text 104,False Positives,False Negatives,FALSE,,,discussion 104,HK,,System Administrator,,,Unclass,Windows Server 2008 R2 Member Server Security Technical Implementation Guide,1823,comment 104,,,,
V-1104,low,NotAFinding,SV-1002_rule,1.105,Rule title 105,ECSC-1,check 105,gp title 105,fix text 105,False Positives,False Negatives,FALSE,,,discussion 105,HK,,System Administrator,,,Unclass,Windows Server 2008 R2 Member Server Security Technical Implementation Guide,1823,comment 105,,,,
V-1105,low,Open,SV-1000_rule,1.106,Rule title 106,ECSC-1,check 106,gp title 106,fix text 106,False Positives,False Negatives,FALSE,,,discussion 106,HK,,System Administrator,,,Unclass,Windows Server 2008 R2 Member Server Security Technical Implementation Guide,1823,comment 106,,,,
V-1106,low,NotAFinding,SV-1001_rule,1.107,Rule title 107,ECSC-1,check 107,gp title 107,fix text 107,False Positives,False Negatives,FALSE,,,discussion 107,HK,,System Administrator,,,Unclass,Windows Server 2008 R2 Member Server Security Technical Implementation Guide,1823,comment 107,,,,
V-1107,high,NotAFinding,SV-1002_rule,1.108,Rule title 108,ECSC-1,check 108,gp title 108,fix text 108,False Positives,False Negatives,FALSE,,,discussion 108,,,System Administrator,,,Unclass,Windows Server 2008 R2 Member Server Security Technical Implementation Guide,1823,comment 108,,,,
V-1108,medium,NotAFinding,SV-1000_rule,1.109,Rule title 109,ECSC-1,check 109,gp title 109,fix text 109,False Positives,False Negatives,FALSE,,,discussion 109,HK,,System Administrator,,,Unclass,Windows Server 2008 R2 Member Server Security Technical Implementation Guide,1823,comment 109,,,,
V-1109,low,NotAFinding,SV-1001_rule,1.11,Rule title 110,ECSC-1,check 110,gp title 110,fix text 110,False Positives,False Negatives,TRUE,,,discussion 110,HK,,System Administrator,,,Unclass,Windows Server 2008 R2 Member Server Security Technical Implementation Guide,1823,comment 110,,,,
V-1110,medium,NotAFinding,SV-1002_rule,1.111,Rule title 111,ECSC-1,check 111,gp title 111,fix text 111,False Positives,False Negatives,FALSE,,,discussion 111,HK,,System Administrator,,,Unclass,Windows Server 2008 R2 Member Server Security Technical Implementation Guide,1823,comment 111,,,,
V-1111,medium,NotAFinding,SV-1000_rule,1.112,Rule title 112,ECSC-1,check 112,gp title 112,fix text 112,False Positives,False Negatives,FALSE,,,discussion 112,HK,,System Administrator,,,Unclass,Windows Server 2008 R2 Member Server Security Technical Implementation Guide,1823,comment 112,,,,
V-1112,medium,NotAFinding,SV-1001_rule,1.113,Rule title 113,ECSC-1,check 113,gp title 113,fix text 113,False Positives,False Negatives,FALSE,,,discussion 113,HK,,System Administrator,,,Unclass,Windows Server 2008 R2 Member Server Security Technical Implementation Guide,1823,comment 113,,,,
V-1113,medium,NotAFinding,SV-1002_rule,1.114,Rule title 114,ECSC-1,check 114,gp title 114,fix text 114,False Positives,False Negatives,FALSE,,,discussion 114,HK,,System Administrator,,,Unclass,Windows Server 2008 R2 Member Server Security Technical Implementation Guide,1823,comment 114,,,,
V-1114,medium,Open,SV-1000_rule,1.115,Rule title 115,ECSC-1,check 115,gp title 115,fix text 115,False Positives,False Negatives,FALSE,,,discussion 115,HK,,System Administrator,,,Unclass,Windows Server 2008 R2 Member Server Security Technical Implementation Guide,1823,comment 115,,,,
V-1115,medium,Open,SV-1001_rule,1.116,Rule title 116,ECSC-1,check 116,gp title 116,fix text 116,False Positives,False Negatives,FALSE,,,discussion 116,HK,,System Administrator,,,Unclass,Windows Server 2008 R2 Member Server Security Technical Implementation Guide,1823,comment 116,,,,
V-1116,high,NotAFinding,SV-1002_rule,1.117,Rule title 117,ECSC-1,check 117,gp title 117,fix text 117,False Positives,False Negatives,FALSE,,,discussion 117,HK,,System Administrator,,,Unclass,Windows Server 2008 R2 Member Server Security Technical Implementation Guide,1823,comment 117,,,,
V-1117,medium,NotAFinding,SV-1000_rule,1.118,Rule title 118,ECSC-1,check 118,gp title 118,fix text 118,False Positives,False Negatives,FALSE,,,discussion 118,HK,,Information Assurance Officer,,,Unclass,Windows Server 2008 R2 Member Server Security Technical Implementation Guide,1823,comment 118,,,,
V-1118,medium,NotAFinding,SV-1001_rule,1.119,Rule title 119,ECSC-1,check 119,gp title 119,fix text 119,False Positives,False Negatives,TRUE,,,discussion 119,,,Information Assurance Officer,,,Unclass,Windows Server 2008 R2 Member Server Security Technical Implementation Guide,1823,comment 119,,,,
V-1119,high,NotAFinding,SV-1002_rule,1.12,Rule title 120,ECSC-1,check 120,gp title 120,fix text 120,False Positives,False Negatives,FALSE,,,discussion 120,,,System Administrator,"For a DISABLED account(s) with a blank or null password, classify/downgrade this finding to a Category II finding.",,Unclass,Windows Server 2008 R2 Member Server Security Technical Implementation Guide,1823,comment 120,,,,
V-1120,low,NotAFinding,SV-1000_rule,1.121,Rule title 121,ECSC-1,check 121,gp title 121,fix text 121,False Positives,False Negatives,FALSE,,,discussion 121,HK,,System Administrator,,,Unclass,Windows Server 2008 R2 Member Server Security Technical Implementation Guide,1823,comment 121,,,,
V-1121,medium,Not_Applicable,SV-1001_rule,1.122,Rule title 122,ECSC-1,check 122,gp title 122,fix text 122,False Positives,False Negatives,FALSE,,,discussion 122,,,Information Assurance Officer,,,Unclass,Windows Server 2008 R2 Member Server Security Technical Implementation Guide,1823,comment 122,,,,
V-1122,medium,Not_Applicable,SV-1002_rule,1.123,Rule title 123,ECSC-1,check 123,gp title 123,fix text 123,False Positives,False Negatives,FALSE,,,discussion 123,,,Information Assurance Officer,,,Unclass,Windows Server 2008 R2 Member Server Security Technical Implementation Guide,1823,comment 123,,,,
V-1123,medium,Not_Applicable,SV-1000_rule,1.124,Rule title 124,ECSC-1,check 124,gp title 124,fix text 124,False Positives,False Negatives,FALSE,,,discussion 124,,,System Administrator,,,Unclass,Windows Server 2008 R2 Member Server Security Technical Implementation Guide,1823,comment 124,,,,
V-1124,medium,NotAFinding,SV-1001_rule,1.125,Rule title 125,ECSC-1,check 125,gp title 125,fix text 125,False Positives,False Negatives,FALSE,,,discussion 125,HK,,System Administrator,,,Unclass,Windows Server 2008 R2 Member Server Security Technical Implementation Guide,1823,comment 125,,,,
V-1125,medium,NotAFinding,SV-1002_rule,1.126,Rule title 126,ECSC-1,check 126,gp title 126,fix text 126,False Positives,False Negatives,FALSE,,,discussion 126,HK,,System Administrator,,,Unclass,Windows Server 2008 R2 Member Server Security Technical Implementation Guide,1823,comment 126,,,,
V-1126,medium,NotAFinding,SV-1000_rule,1.127,Rule title 127,ECSC-1,check 127,gp title 127,fix text 127,False Positives,False Negatives,FALSE,,,discussion 127,,,System Administrator,,,Unclass,Windows Server 2008 R2 Member Server Security Technical Implementation Guide,1823,comment 127,,,,
V-1127,low,Open,SV-1001_rule,1.128,Rule title 128,ECSC-1,check 128,gp title 128,fix text 128,False Positives,False Negatives,FALSE,,,discussion 128,,,System Administrator,,,Unclass,Windows Server 2008 R2 Member Server Security Technical Implementation Guide,1823,comment 128,,,,
V-1128,medium,NotAFinding,SV-1002_rule,1.129,Rule title 129,ECSC-1,check 129,gp title 129,fix text 129,False Positives,False Negatives,FALSE,,,discussion 129,,,System Administrator,,,Unclass,Windows Server 2008 R2 Member Server Security Technical Implementation Guide,1823,comment 129,,,,
V-1129,medium,Open,SV-1000_rule,1.13,Rule title 130,ECSC-1,check 130,gp title 130,fix text 130,False Positives,False Negatives,FALSE,,,discussion 130,,,System Administrator,,,Unclass,Windows Server 2008 R2 Member Server Security Technical Implementation Guide,1823,comment 130,,,,
V-1130,medium,NotAFinding,SV-1001_rule,1.131,Rule title 131,ECSC-1,check 131,gp title 131,fix text 131,False Positives,False Negatives,FALSE,,,discussion 131,,,System Administrator,,,Unclass,Windows Server 2008 R2 Member Server Security Technical Implementation Guide,1823,comment 131,,,,
V-1131,medium,NotAFinding,SV-1002_rule,1.132,Rule title 132,ECSC-1,check 132,gp title 132,fix text 132,False Positives,False Negatives,FALSE,,,discussion 132,,,System Administrator,,,Unclass,Windows Server 2008 R2 Member Server Security Technical Implementation Guide,1823,comment 132,,,,
V-1132,medium,NotAFinding,SV-1000_rule,1.133,Rule title 133,ECSC-1,check 133,gp title 133,fix text 133,False Positives,False Negatives,FALSE,,,discussion 133,,,System Administrator,,,Unclass,Windows Server 2008 R2 Member Server Security Technical Implementation Guide,1823,comment 133,,,,
V-1133,medium,Open,SV-1001_rule,1.134,Rule title 134,ECSC-1,check 134,gp title 134,fix text 134,False Positives,False Negatives,FALSE,,,discussion 134,,,System Administrator,,,Unclass,Windows Server 2008 R2 Member Server Security Technical Implementation Guide,1823,comment 134,,,,
V-1134,medium,Open,SV-1002_rule,1.135,Rule title 135,ECSC-1,check 135,gp title 135,fix text 135,False Positives,False Negatives,FALSE,,,discussion 135,,,System Administrator,,,Unclass,Windows Server 2008 R2 Member Server Security Technical Implementation Guide,1823,comment 135,,,,
V-1135,medium,NotAFinding,SV-1000_rule,1.136,Rule title 136,ECSC-1,check 136,gp title 136,fix text 136,False Positives,False Negatives,FALSE,,,discussion 136,,,System Administrator,,,Unclass,Windows Server 2008 R2 Member Server Security Technical Implementation Guide,1823,comment 136,,,,
V-1136,medium,NotAFinding,SV-1001_rule,1.137,Rule title 137,ECSC-1,check 137,gp title 137,fix text 137,False Positives,False Negatives,FALSE,,,discussion 137,,,System Administrator,,,Unclass,Windows Server 2008 R2 Member Server Security Technical Implementation Guide,1823,comment 137,,,,
V-1137,medium,NotAFinding,SV-1002_rule,1.138,Rule title 138,ECSC-1,check 138,gp title 138,fix text 138,False Positives,False Negatives,FALSE,,,discussion 138,,,System Administrator,,,Unclass,Windows Server 2008 R2 Member Server Security Technical Implementation Guide,1823,comment 138,,,,
V-1138,medium,NotAFinding,SV-1000_rule,1.139,Rule title 139,ECSC-1,check 139,gp title 139,fix text 139,False Positives,False Negatives,FALSE,,,discussion 139,,,System Administrator,,,Unclass,Windows Server 2008 R2 Member Server Security Technical Implementation Guide,1823,comment 139,,,,
V-1139,medium,Open,SV-1001_rule,1.14,Rule title 140,ECSC-1,check 140,gp title 140,fix text 140,False Positives,False Negatives,FALSE,,,discussion 140,,,System Administrator,,,Unclass,Windows Server 2008 R2 Member Server Security Technical Implementation Guide,1823,comment 140,,,,
V-1140,medium,NotAFinding,SV-1002_rule,1.141,Rule title 141,ECSC-1,check 141,gp title 141,fix text 141,False Positives,False Negatives,FALSE,,,discussion 141,HK,,System Administrator,,,Unclass,Windows Server 2008 R2 Member Server Security Technical Implementation Guide,1823,comment 141,,,,
V-1141,medium,NotAFinding,SV-1000_rule,1.142,Rule title 142,ECSC-1,check 142,gp title 142,fix text 142,False Positives,False Negatives,FALSE,,,discussion 142,HK,,System Administrator,,,Unclass,Windows Server 2008 R2 Member Server Security Technical Implementation Guide,1823,comment 142,,,,
V-1142,medium,NotAFinding,SV-1001_rule,1.143,Rule title 143,ECSC-1,check 143,gp title 143,fix text 143,False Positives,False Negatives,FALSE,,,discussion 143,HK,,System Administrator,,,Unclass,Windows Server 2008 R2 Member Server Security Technical Implementation Guide,1823,comment 143,,,,
V-1143,medium,NotAFinding,SV-1002_rule,1.144,Rule title 144,ECSC-1,check 144,gp title 144,fix text 144,False Positives,False Negatives,FALSE,,,discussion 144,HK,,System Administrator,,,Unclass,Windows Server 2008 R2 Member Server Security Technical Implementation Guide,1823,comment 144,,,,
V-1144,medium,NotAFinding,SV-1000_rule,1.145,Rule title 145,ECSC-1,check 145,gp title 145,fix text 145,False Positives,False Negatives,FALSE,,,discussion 145,HK,,System Administrator,,,Unclass,Windows Server 2008 R2 Member Server Security Technical Implementation Guide,1823,comment 145,,,,
V-1145,medium,NotAFinding,SV-1001_rule,1.146,Rule title 146,ECSC-1,check 146,gp title 146,fix text 146,False Positives,False Negatives,FALSE,,,discussion 146,HK,,System Administrator,,,Unclass,Windows Server 2008 R2 Member Server Security Technical Implementation Guide,1823,comment 146,,,,
V-1146,medium,NotAFinding,SV-1002_rule,1.147,Rule title 147,ECSC-1,check 147,gp title 147,fix text 147,False Positives,False Negatives,FALSE,,,discussion 147,HK,,System Administrator,,,Unclass,Windows Server 2008 R2 Member Server Security Technical Implementation Guide,1823,comment 147,,,,
V-1147,medium,NotAFinding,SV-1000_rule,1.148,Rule title 148,ECSC-1,check 148,gp title 148,fix text 148,False Positives,False Negatives,FALSE,,,discussion 148,HK,,System Administrator,,,Unclass,Windows Server 2008 R2 Member Server Security Technical Implementation Guide,1823,comment 148,,,,
V-1148,medium,NotAFinding,SV-1001_rule,1.149,Rule title 149,ECSC-1,check 149,gp title 149,fix text 149,False Positives,False Negatives,FALSE,,,discussion 149,HK,,System Administrator,,,Unclass,Windows Server 2008 R2 Member Server Security Technical Implementation Guide,1823,comment 149,,,,
V-1149,medium,NotAFinding,SV-1002_rule,1.15,Rule title 150,ECSC-1,check 150,gp title 150,fix text 150,False Positives,False Negatives,TRUE,,,discussion 150,,,Information Assurance Officer,,,Unclass,Windows Server 2008 R2 Member Server Security Technical Implementation Guide,1823,comment 150,,,,
V-1150,medium,NotAFinding,SV-1000_rule,1.151,Rule title 151,ECSC-1,check 151,gp title 151,fix text 151,False Positives,False Negatives,FALSE,,,discussion 151,,,System Administrator,,,Unclass,Windows Server 2008 R2 Member Server Security Technical Implementation Guide,1823,comment 151,,,,
V-1151,medium,NotAFinding,SV-1001_rule,1.152,Rule title 152,ECSC-1,check 152,gp title 152,fix text 152,False Positives,False Negatives,FALSE,,,discussion 152,,,System Administrator,,,Unclass,Windows Server 2008 R2 Member Server Security Technical Implementation Guide,1823,comment 152,,,,
V-1152,medium,NotAFinding,SV-1002_rule,1.153,Rule title 153,ECSC-1,check 153,gp title 153,fix text 153,False Positives,False Negatives,FALSE,,,discussion 153,HK,,System Administrator,,,Unclass,Windows Server 2008 R2 Member Server Security Technical Implementation Guide,1823,comment 153,,,,
V-1153,medium,Open,SV-1000_rule,1.154,Rule title 154,ECSC-1,check 154,gp title 154,fix text 154,False Positives,False Negatives,FALSE,,,discussion 154,,,Information Assurance Officer,,,Unclass,Windows Server 2008 R2 Member Server Security Technical Implementation Guide,1823,comment 154,,,,
V-1154,medium,NotAFinding,SV-1001_rule,1.155,Rule title 155,ECSC-1,check 155,gp title 155,fix text 155,False Positives,False Negatives,FALSE,,,discussion 155,,,System Administrator,,,Unclass,Windows Server 2008 R2 Member Server Security Technical Implementation Guide,1823,comment 155,,,,
V-1155,medium,NotAFinding,SV-1002_rule,1.156,Rule title 156,ECSC-1,check 156,gp title 156,fix text 156,False Positives,False Negatives,FALSE,,,discussion 156,HK,,System Administrator,,,Unclass,Windows Server 2008 R2 Member Server Security Technical Implementation Guide,1823,comment 156,,,,
V-1156,medium,NotAFinding,SV-1000_rule,1.157,Rule title 157,ECSC-1,check 157,gp title 157,fix text 157,False Positives,False Negatives,FALSE,,,discussion 157,,,System Administrator,,,Unclass,Windows Server 2008 R2 Member Server Security Technical Implementation Guide,1823,comment 157,,,,
V-1157,low,NotAFinding,SV-1001_rule,1.158,Rule title 158,ECSC-1,check 158,gp title 158,fix text 158,False Positives,False Negatives,FALSE,,,discussion 158,HK,,System Administrator,,,Unclass,Windows Server 2008 R2 Member Server Security Technical Implementation Guide,1823,comment 158,,,,
V-1158,low,NotAFinding,SV-1002_rule,1.159,Rule title 159,ECSC-1,check 159,gp title 159,fix text 159,False Positives,False Negatives,FALSE,,,discussion 159,,,System Administrator,,,Unclass,Windows Server 2008 R2 Member Server Security Technical Implementation Guide,1823,comment 159,,,,
V-1159,low,NotAFinding,SV-1000_rule,1.16,Rule title 160,ECSC-1,check 160,gp title 160,fix text 160,False Positives,False Negatives,FALSE,,,discussion 160,HK,,System Administrator,,,Unclass,Windows Server 2008 R2 Member Server Security Technical Implementation Guide,1823,comment 160,,,,
V-1160,medium,NotAFinding,SV-1001_rule,1.161,Rule title 161,ECSC-1,check 161,gp title 161,fix text 161,False Positives,False Negatives,FALSE,,,discussion 161,HK,,System Administrator,,,Unclass,Windows Server 2008 R2 Member Server Security Technical Implementation Guide,1823,comment 161,,,,
V-1161,low,NotAFinding,SV-1002_rule,1.162,Rule title 162,ECSC-1,check 162,gp title 162,fix text 162,False Positives,False Negatives,FALSE,,,discussion 162,HK,,System Administrator,,,Unclass,Windows Server 2008 R2 Member Server Security Technical Implementation Guide,1823,comment 162,,,,
V-1162,low,NotAFinding,SV-1000_rule,1.163,Rule title 163,ECSC-1,check 163,gp title 163,fix text 163,False Positives,False Negatives,FALSE,,,discussion 163,,,System Administrator,,,Unclass,Windows Server 2008 R2 Member Server Security Technical Implementation Guide,1823,comment 163,,,,
V-1163,low,NotAFinding,SV-1001_rule,1.164,Rule title 164,ECSC-1,check 164,gp title 164,fix text 164,False Positives,False Negatives,FALSE,,,discussion 164,,,System Administrator,,,Unclass,Windows Server 2008 R2 Member Server Security Technical Implementation Guide,1823,comment 164,,,,
V-1164,medium,NotAFinding,SV-1002_rule,1.165,Rule title 165,ECSC-1,check 165,gp title 165,fix text 165,False Positives,False Negatives,FALSE,,,discussion 165,HK,,System Administrator,,,Unclass,Windows Server 2008 R2 Member Server Security Technical Implementation Guide,1823,comment 165,,,,
V-1165,medium,NotAFinding,SV-1000_rule,1.166,Rule title 166,ECSC-1,check 166,gp title 166,fix text 166,False Positives,False Negatives,FALSE,,,discussion 166,HK,,System Administrator,,,Unclass,Windows Server 2008 R2 Member Server Security Technical Implementation Guide,1823,comment 166,,,,
V-1166,medium,NotAFinding,SV-1001_rule,1.167,Rule title 167,ECSC-1,check 167,gp title 167,fix text 167,False Positives,False Negatives,FALSE,,,discussion 167,HK,,System Administrator,,,Unclass,Windows Server 2008 R2 Member Server Security Technical Implementation Guide,1823,comment 167,,,,
V-1167,medium,NotAFinding,SV-1002_rule,1.168,Rule title 168,ECSC-1,check 168,gp title 168,fix text 168,False Positives,False Negatives,FALSE,,,discussion 168,HK,,System Administrator,,,Unclass,Windows Server 2008 R2 Member Server Security Technical Implementation Guide,1823,comment 168,,,,
V-1168,low,NotAFinding,SV-1000_rule,1.169,Rule title 169,ECSC-1,check 169,gp title 169,fix text 169,False Positives,False Negatives,FALSE,,,discussion 169,HK,,System Administrator,,,Unclass,Windows Server 2008 R2 Member Server Security Technical Implementation Guide,1823,comment 169,,,,
V-1169,low,NotAFinding,SV-1001_rule,1.17,Rule title 170,ECSC-1,check 170,gp title 170,fix text 170,False Positives,False Negatives,FALSE,,,discussion 170,,,System Administrator,,,Unclass,Windows Server 2008 R2 Member Server Security Technical Implementation Guide,1823,comment 170,,,,
V-1170,medium,NotAFinding,SV-1002_rule,1.171,Rule title 171,ECSC-1,check 171,gp title 171,fix text 171,False Positives,False Negatives,FALSE,,,discussion 171,,,System Administrator,,,Unclass,Windows Server 2008 R2 Member Server Security Technical Implementation Guide,1823,comment 171,,,,
V-1171,medium,NotAFinding,SV-1000_rule,1.172,Rule title 172,ECSC-1,check 172,gp title 172,fix text 172,False Positives,False Negatives,FALSE,,,discussion 172,,,System Administrator,,,Unclass,Windows Server 2008 R2 Member Server Security Technical Implementation Guide,1823,comment 172,,,,
V-1172,medium,NotAFinding,SV-1001_rule,1.173,Rule title 173,ECSC-1,check 173,gp title 173,fix text 173,False Positives,False Negatives,FALSE,,,discussion 173,,,System Administrator,,,Unclass,Windows Server 2008 R2 Member Server Security Technical Implementation Guide,1823,comment 173,,,,
V-1173,medium,NotAFinding,SV-1002_rule,1.174,Rule title 174,ECSC-1,check 174,gp title 174,fix text 174,False Positives,False Negatives,FALSE,,,discussion 174,,,System Administrator,,,Unclass,Windows Server 2008 R2 Member Server Security Technical Implementation Guide,1823,comment 174,,,,
V-1174,medium,NotAFinding,SV-1000_rule,1.175,Rule title 175,ECSC-1,check 175,gp title 175,fix text 175,False Positives,False Negatives,FALSE,,,discussion 175,,,System Administrator,,,Unclass,Windows Server 2008 R2 Member Server Security Technical Implementation Guide,1823,comment 175,,,,
V-1175,low,NotAFinding,SV-1001_rule,1.176,Rule title 176,ECSC-1,check 176,gp title 176,fix text 176,False Positives,False Negatives,FALSE,,,discussion 176,,,System Administrator,,,Unclass,Windows Server 2008 R2 Member Server Security Technical Implementation Guide,1823,comment 176,,,,
V-1176,low,NotAFinding,SV-1002_rule,1.177,Rule title 177,ECSC-1,check 177,gp title 177,fix text 177,False Positives,False Negatives,FALSE,,,discussion 177,,,System Administrator,,,Unclass,Windows Server 2008 R2 Member Server Security Technical Implementation Guide,1823,comment 177,,,,
V-1177,low,NotAFinding,SV-1000_rule,1.178,Rule title 178,ECSC-1,check 178,gp title 178,fix text 178,False Positives,False Negatives,FALSE,,,discussion 178,,,System Administrator,,,Unclass,Windows Server 2008 R2 Member Server Security Technical Implementation Guide,1823,comment 178,,,,
V-1178,low,NotAFinding,SV-1001_rule,1.179,Rule title 179,ECSC-1,check 179,gp title 179,fix text 179,False Positives,False Negatives,FALSE,,,discussion 179,,,System Administrator,,,Unclass,Windows Server 2008 R2 Member Server Security Technical Implementation Guide,1823,comment 179,,,,
V-1179,medium,NotAFinding,SV-1002_rule,1.18,Rule title 180,ECSC-1,check 180,gp title 180,fix text 180,False Positives,False Negatives,FALSE,,,discussion 180,,,System Administrator,,,Unclass,Windows Server 2008 R2 Member Server Security Technical Implementation Guide,1823,comment 180,,,,
V-1180,medium,NotAFinding,SV-1000_rule,1.181,Rule title 181,ECSC-1,check 181,gp title 181,fix text 181,False Positives,False Negatives,FALSE,,,discussion 181,,,System Administrator,,,Unclass,Windows Server 2008 R2 Member Server Security Technical Implementation Guide,1823,comment 181,,,,
V-1181,low,NotAFinding,SV-1001_rule,1.182,Rule title 182,ECSC-1,check 182,gp title 182,fix text 182,False Positives,False Negatives,FALSE,,,discussion 182,,,System Administrator,,,Unclass,Windows Server 2008 R2 Member Server Security Technical Implementation Guide,1823,comment 182,,,,
V-1182,low,NotAFinding,SV-1002_rule,1.183,Rule title 183,ECSC-1,check 183,gp title 183,fix text 183,False Positives,False Negatives,FALSE,,,discussion 183,,,System Administrator,,,Unclass,Windows Server 2008 R2 Member Server Security Technical Implementation Guide,1823,comment 183,,,,
V-1183,medium,NotAFinding,SV-1000_rule,1.184,Rule title 184,ECSC-1,check 184,gp title 184,fix text 184,False Positives,False Negatives,FALSE,,,discussion 184,,,System Administrator,,,Unclass,Windows Server 2008 R2 Member Server Security Technical Implementation Guide,1823,comment 184,,,,
V-1184,low,NotAFinding,SV-1001_rule,1.185,Rule title 185,ECSC-1,check 185,gp title 185,fix text 185,False Positives,False Negatives,FALSE,,,discussion 185,,,System Administrator,,,Unclass,Windows Server 2008 R2 Member Server Security Technical Implementation Guide,1823,comment 185,,,,
V-1185,medium,NotAFinding,SV-1002_rule,1.186,Rule title 186,ECSC-1,check 186,gp title 186,fix text 186,False Positives,False Negatives,FALSE,,,discussion 186,,,System Administrator,,,Unclass,Windows Server 2008 R2 Member Server Security Technical Implementation Guide,1823,comment 186,,,,
V-1186,low,NotAFinding,SV-1000_rule,1.187,Rule title 187,ECSC-1,check 187,gp title 187,fix text 187,False Positives,False Negatives,FALSE,,,discussion 187,,,System Administrator,,,Unclass,Windows Server 2008 R2 Member Server Security Technical Implementation Guide,1823,comment 187,,,,
V-1187,low,NotAFinding,SV-1001_rule,1.188,Rule title 188,ECSC-1,check 188,gp title 188,fix text 188,False Positives,False Negatives,FALSE,,,discussion 188,,,System Administrator,,,Unclass,Windows Server 2008 R2 Member Server Security Technical Implementation Guide,1823,comment 188,,,,
V-1188,low,NotAFinding,SV-1002_rule,1.189,Rule title 189,ECSC-1,check 189,gp title 189,fix text 189,False Positives,False Negatives,FALSE,,,discussion 189,,,System Administrator,,,Unclass,Windows Server 2008 R2 Member Server Security Technical Implementation Guide,1823,comment 189,,,,
V-1189,medium,NotAFinding,SV-1000_rule,1.19,Rule title 190,ECSC-1,check 190,gp title 190,fix text 190,False Positives,False Negatives,FALSE,,,discussion 190,,,System Administrator,,,Unclass,Windows Server 2008 R2 Member Server Security Technical Implementation Guide,1823,comment 190,,,,
V-1190,medium,NotAFinding,SV-1001_rule,1.191,Rule title 191,ECSC-1,check 191,gp title 191,fix text 191,False Positives,False Negatives,FALSE,,,discussion 191,,,System Administrator,,,Unclass,Windows Server 2008 R2 Member Server Security Technical Implementation Guide,1823,comment 191,,,,
V-1191,medium,NotAFinding,SV-1002_rule,1.192,Rule title 192,ECSC-1,check 192,gp title 192,fix text 192,False Positives,False Negatives,TRUE,,,discussion 192,HK,,System Administrator,,,Unclass,Windows Server 2008 R2 Member Server Security Technical Implementation Guide,1823,comment 192,,,,
V-1192,medium,NotAFinding,SV-1000_rule,1.193,Rule title 193,ECSC-1,check 193,gp title 193,fix text 193,False Positives,False Negatives,FALSE,,,discussion 193,,,System Administrator,,,Unclass,Windows Server 2008 R2 Member Server Security Technical Implementation Guide,1823,comment 193,,,,
V-1193,medium,NotAFinding,SV-1001_rule,1.194,Rule title 194,ECSC-1,check 194,gp title 194,fix text 194,False Positives,False Negatives,FALSE,,,discussion 194,,,System Administrator,,,Unclass,Windows Server 2008 R2 Member Server Security Technical Implementation Guide,1823,comment 194,,,,
V-1194,medium,NotAFinding,SV-1002_rule,1.195,Rule title 195,ECSC-1,check 195,gp title 195,fix text 195,False Positives,False Negatives,FALSE,,,discussion 195,,,System Administrator,,,Unclass,Windows Server 2008 R2 Member Server Security Technical Implementation Guide,1823,comment 195,,,,
V-1195,medium,NotAFinding,SV-1000_rule,1.196,Rule title 196,ECSC-1,check 196,gp title 196,fix text 196,False Positives,False Negatives,FALSE,,,discussion 196,,,System Administrator,,,Unclass,Windows Server 2008 R2 Member Server Security Technical Implementation Guide,1823,comment 196,,,,
V-1196,medium,NotAFinding,SV-1001_rule,1.197,Rule title 197,ECSC-1,check 197,gp title 197,fix text 197,False Positives,False Negatives,FALSE,,,discussion 197,,,System Administrator,,,Unclass,Windows Server 2008 R2 Member Server Security Technical Implementation Guide,1823,comment 197,,,,
V-1197,medium,NotAFinding,SV-1002_rule,1.198,Rule title 198,ECSC-1,check 198,gp title 198,fix text 198,False Positives,False Negatives,FALSE,,,discussion 198,,,System Administrator,,,Unclass,Windows Server 2008 R2 Member Server Security Technical Implementation Guide,1823,comment 198,,,,
V-1198,low,NotAFinding,SV-1000_rule,1.199,Rule title 199,ECSC-1,check 199,gp title 199,fix text 199,False Positives,False Negatives,FALSE,,,discussion 199,,,System Administrator,,,Unclass,Windows Server 2008 R2 Member Server Security Technical Implementation Guide,1823,comment 199,,,,
V-1199,low,NotAFinding,SV-1001_rule,1.2,Rule title 200,ECSC-1,check 200,gp title 200,fix text 200,False Positives,False Negatives,FALSE,,,discussion 200,,,System Administrator,,,Unclass,Windows Server 2008 R2 Member Server Security Technical Implementation Guide,1823,comment 200,,,,
V-1200,medium,NotAFinding,SV-1002_rule,1.201,Rule title 201,ECSC-1,check 201,gp title 201,fix text 201,False Positives,False Negatives,FALSE,,,discussion 201,,,Information Assurance Officer,,,Unclass,Windows Server 2008 R2 Member Server Security Technical Implementation Guide,1823,comment 201,,,,
V-1201,medium,NotAFinding,SV-1000_rule,1.202,Rule title 202,ECSC-1,check 202,gp title 202,fix text 202,False Positives,False Negatives,FALSE,,,discussion 202,,,System Administrator,,,Unclass,Windows Server 2008 R2 Member Server Security Technical Implementation Guide,1823,comment 202,,,,
V-1202,medium,NotAFinding,SV-1001_rule,1.203,Rule title 203,ECSC-1,check 203,gp title 203,fix text 203,False Positives,False Negatives,FALSE,,,discussion 203,,,System Administrator,,,Unclass,Windows Server 2008 R2 Member Server Security Technical Implementation Guide,1823,comment 203,,,,
V-1203,medium,NotAFinding,SV-1002_rule,1.204,Rule title 204,ECSC-1,check 204,gp title 204,fix text 204,False Positives,False Negatives,FALSE,,,discussion 204,,,System Administrator,,,Unclass,Windows Server 2008 R2 Member Server Security Technical Implementation Guide,1823,comment 204,,,,
V-1204,medium,NotAFinding,SV-1000_rule,1.205,Rule title 205,ECSC-1,check 205,gp title 205,fix text 205,False Positives,False Negatives,FALSE,,,discussion 205,,,System Administrator,,,Unclass,Windows Server 2008 R2 Member Server Security Technical Implementation Guide,1823,comment 205,,,,
V-1205,high,NotAFinding,SV-1001_rule,1.206,Rule title 206,ECSC-1,check 206,gp title 206,fix text 206,False Positives,False Negatives,TRUE,,,discussion 206,,,System Administrator,,,Unclass,Windows Server 2008 R2 Member Server Security Technical Implementation Guide,1823,comment 206,,,,
V-1206,medium,Open,SV-1002_rule,1.207,Rule title 207,ECSC-1,check 207,gp title 207,fix text 207,False Positives,False Negatives,FALSE,,,discussion 207,,,System Administrator,,,Unclass,Windows Server 2008 R2 Member Server Security Technical Implementation Guide,1823,comment 207,,,,
V-1207,medium,NotAFinding,SV-1000_rule,1.208,Rule title 208,ECSC-1,check 208,gp title 208,fix text 208,False Positives,False Negatives,FALSE,,,discussion 208,,,System Administrator,,,Unclass,Windows Server 2008 R2 Member Server Security Technical Implementation Guide,1823,comment 208,,,,
V-1208,medium,NotAFinding,SV-1001_rule,1.209,Rule title 209,ECSC-1,check 209,gp title 209,fix text 209,False Positives,False Negatives,FALSE,,,discussion 209,,,System Administrator,,,Unclass,Windows Server 2008 R2 Member Server Security Technical Implementation Guide,1823,comment 209,,,,
V-1209,medium,NotAFinding,SV-1002_rule,1.21,Rule title 210,ECSC-1,check 210,gp title 210,fix text 210,False Positives,False Negatives,FALSE,,,discussion 210,,,System Administrator,,,Unclass,Windows Server 2008 R2 Member Server Security Technical Implementation Guide,1823,comment 210,,,,
V-1210,medium,NotAFinding,SV-1000_rule,1.211,Rule title 211,ECSC-1,check 211,gp title 211,fix text 211,False Positives,False Negatives,FALSE,,,discussion 211,,,System Administrator,,,Unclass,Windows Server 2008 R2 Member Server Security Technical Implementation Guide,1823,comment 211,,,,
V-1211,low,Open,SV-1001_rule,1.212,Rule title 212,ECSC-1,check 212,gp title 212,fix text 212,False Positives,False Negatives,FALSE,,,discussion 212,,,System Administrator,,,Unclass,Windows Server 2008 R2 Member Server Security Technical Implementation Guide,1823,comment 212,,,,
V-1212,low,Open,SV-1002_rule,1.213,Rule title 213,ECSC-1,check 213,gp title 213,fix text 213,False Positives,False Negatives,FALSE,,,discussion 213,,,System Administrator,,,Unclass,Windows Server 2008 R2 Member Server Security Technical Implementation Guide,1823,comment 213,,,,
V-1213,low,NotAFinding,SV-1000_rule,1.214,Rule title 214,ECSC-1,check 214,gp title 214,fix text 214,False Positives,False Negatives,FALSE,,,discussion 214,,,System Administrator,,,Unclass,Windows Server 2008 R2 Member Server Security Technical Implementation Guide,1823,comment 214,,,,
V-1214,low,NotAFinding,SV-1001_rule,1.215,Rule title 215,ECSC-1,check 215,gp title 215,fix text 215,False Positives,False Negatives,FALSE,,,discussion 215,,,System Administrator,,,Unclass,Windows Server 2008 R2 Member Server Security Technical Implementation Guide,1823,comment 215,,,,
V-1215,low,NotAFinding,SV-1002_rule,1.216,Rule title 216,ECSC-1,check 216,gp title 216,fix text 216,False Positives,False Negatives,FALSE,,,discussion 216,,,System Administrator,,,Unclass,Windows Server 2008 R2 Member Server Security Technical Implementation Guide,1823,comment 216,,,,
V-1216,low,NotAFinding,SV-1000_rule,1.217,Rule title 217,ECSC-1,check 217,gp title 217,fix text 217,False Positives,False Negatives,FALSE,,,discussion 217,,,System Administrator,,,Unclass,Windows Server 2008 R2 Member Server Security Technical Implementation Guide,1823,comment 217,,,,
V-1217,low,NotAFinding,SV-1001_rule,1.218,Rule title 218,ECSC-1,check 218,gp title 218,fix text 218,False Positives,False Negatives,FALSE,,,discussion 218,,,System Administrator,,,Unclass,Windows Server 2008 R2 Member Server Security Technical Implementation Guide,1823,comment 218,,,,
V-1218,low,NotAFinding,SV-1002_rule,1.219,Rule title 219,ECSC-1,check 219,gp title 219,fix text 219,False Positives,False Negatives,FALSE,,,discussion 219,,,System Administrator,,,Unclass,Windows Server 2008 R2 Member Server Security Technical Implementation Guide,1823,comment 219,,,,
V-1219,low,NotAFinding,SV-1000_rule,1.22,Rule title 220,ECSC-1,check 220,gp title 220,fix text 220,False Positives,False Negatives,FALSE,,,discussion 220,,,System Administrator,,,Unclass,Windows Server 2008 R2 Member Server Security Technical Implementation Guide,1823,comment 220,,,,
V-1220,low,NotAFinding,SV-1001_rule,1.221,Rule title 221,ECSC-1,check 221,gp title 221,fix text 221,False Positives,False Negatives,FALSE,,,discussion 221,,,System Administrator,,,Unclass,Windows Server 2008 R2 Member Server Security Technical Implementation Guide,1823,comment 221,,,,
V-1221,low,NotAFinding,SV-1002_rule,1.222,Rule title 222,ECSC-1,check 222,gp title 222,fix text 222,False Positives,False Negatives,FALSE,,,discussion 222,,,System Administrator,,,Unclass,Windows Server 2008 R2 Member Server Security Technical Implementation Guide,1823,comment 222,,,,
V-1222,medium,NotAFinding,SV-1000_rule,1.223,Rule title 223,ECSC-1,check 223,gp title 223,fix text 223,False Positives,False Negatives,FALSE,,,discussion 223,,,System Administrator,,,Unclass,Windows Server 2008 R2 Member Server Security Technical Implementation Guide,1823,comment 223,,,,
V-1223,low,NotAFinding,SV-1001_rule,1.224,Rule title 224,ECSC-1,check 224,gp title 224,fix text 224,False Positives,False Negatives,FALSE,,,discussion 224,,,System Administrator,,,Unclass,Windows Server 2008 R2 Member Server Security Technical Implementation Guide,1823,comment 224,,,,
V-1224,medium,NotAFinding,SV-1002_rule,1.225,Rule title 225,ECSC-1,check 225,gp title 225,fix text 225,False Positives,False Negatives,FALSE,,,discussion 225,,,System Administrator,,,Unclass,Windows Server 2008 R2 Member Server Security Technical Implementation Guide,1823,comment 225,,,,
V-1225,low,NotAFinding,SV-1000_rule,1.226,Rule title 226,ECSC-1,check 226,gp title 226,fix text 226,False Positives,False Negatives,FALSE,,,discussion 226,,,System Administrator,,,Unclass,Windows Server 2008 R2 Member Server Security Technical Implementation Guide,1823,comment 226,,,,
V-1226,medium,NotAFinding,SV-1001_rule,1.227,Rule title 227,ECSC-1,check 227,gp title 227,fix text 227,False Positives,False Negatives,FALSE,,,discussion 227,,,System Administrator,,,Unclass,Windows Server 2008 R2 Member Server Security Technical Implementation Guide,1823,comment 227,,,,
V-1227,high,NotAFinding,SV-1002_rule,1.228,Rule title 228,ECSC-1,check 228,gp title 228,fix text 228,False Positives,False Negatives,FALSE,,,discussion 228,,,System Administrator,,,Unclass,Windows Server 2008 R2 Member Server Security Technical Implementation Guide,1823,comment 228,,,,
V-1228,high,NotAFinding,SV-1000_rule,1.229,Rule title 229,ECSC-1,check 229,gp title 229,fix text 229,False Positives,False Negatives,FALSE,,,discussion 229,,,System Administrator,,,Unclass,Windows Server 2008 R2 Member Server Security Technical Implementation Guide,1823,comment 229,,,,
V-1229,high,NotAFinding,SV-1001_rule,1.23,Rule title 230,ECSC-1,check 230,gp title 230,fix text 230,False Positives,False Negatives,FALSE,,,discussion 230,,,System Administrator,,,Unclass,Windows Server 2008 R2 Member Server Security Technical Implementation Guide,1823,comment 230,,,,
V-1230,low,NotAFinding,SV-1002_rule,1.231,Rule title 231,ECSC-1,check 231,gp title 231,fix text 231,False Positives,False Negatives,FALSE,,,discussion 231,,,System Administrator,,,Unclass,Windows Server 2008 R2 Member Server Security Technical Implementation Guide,1823,comment 231,,,,
V-1231,medium,NotAFinding,SV-1000_rule,1.232,Rule title 232,ECSC-1,check 232,gp title 232,fix text 232,False Positives,False Negatives,FALSE,,,discussion 232,,,System Administrator,,,Unclass,Windows Server 2008 R2 Member Server Security Technical Implementation Guide,1823,comment 232,,,,
V-1232,medium,NotAFinding,SV-1001_rule,1.233,Rule title 233,ECSC-1,check 233,gp title 233,fix text 233,False Positives,False Negatives,TRUE,,,discussion 233,,,Information Assurance Officer,,,Unclass,Windows Server 2008 R2 Member Server Security Technical Implementation Guide,1823,comment 233,,,,
V-1233,medium,NotAFinding,SV-1002_rule,1.234,Rule title 234,ECSC-1,check 234,gp title 234,fix text 234,False Positives,False Negatives,TRUE,,,discussion 234,,,Information Assurance Officer,,,Unclass,Windows Server 2008 R2 Member Server Security Technical Implementation Guide,1823,comment 234,,,,
V-1234,medium,NotAFinding,SV-1000_rule,1.235,Rule title 235,ECSC-1,check 235,gp title 235,fix text 235,False Positives,False Negatives,TRUE,,,discussion 235,,,System Administrator,,,Unclass,Windows Server 2008 R2 Member Server Security Technical Implementation Guide,1823,comment 235,,,,
V-1235,medium,Open,SV-1001_rule,1.236,Rule title 236,ECSC-1,check 236,gp title 236,fix text 236,False Positives,False Negatives,TRUE,,,discussion 236,,,Information Assurance Officer,,,Unclass,Windows Server 2008 R2 Member Server Security Technical Implementation Guide,1823,comment 236,,,,
V-1236,medium,NotAFinding,SV-1002_rule,1.237,Rule title 237,ECSC-1,check 237,gp title 237,fix text 237,False Positives,False Negatives,TRUE,,,discussion 237,,,Information Assurance Officer,,,Unclass,Windows Server 2008 R2 Member Server Security Technical Implementation Guide,1823,comment 237,,,,
V-1237,low,NotAFinding,SV-1000_rule,1.238,Rule title 238,ECSC-1,check 238,gp title 238,fix text 238,False Positives,False Negatives,TRUE,,,discussion 238,,,Information Assurance Officer,,,Unclass,Windows Server 2008 R2 Member Server Security Technical Implementation Guide,1823,comment 238,,,,
V-1238,medium,NotAFinding,SV-1001_rule,1.239,Rule title 239,ECSC-1,check 239,gp title 239,fix text 239,False Positives,False Negatives,FALSE,,,discussion 239,,,System Administrator,,,Unclass,Windows Server 2008 R2 Member Server Security Technical Implementation Guide,1823,comment 239,,,,
V-1239,low,NotAFinding,SV-1002_rule,1.24,Rule title 240,ECSC-1,check 240,gp title 240,fix text 240,False Positives,False Negatives,FALSE,,,discussion 240,,,System Administrator,,,Unclass,Windows Server 2008 R2 Member Server Security Technical Implementation Guide,1823,comment 240,,,,
V-1240,medium,NotAFinding,SV-1000_rule,1.241,Rule title 241,ECSC-1,check 241,gp title 241,fix text 241,False Positives,False Negatives,FALSE,,,discussion 241,,,System Administrator,,,Unclass,Windows Server 2008 R2 Member Server Security Technical Implementation Guide,1823,comment 241,,,,
V-1241,high,NotAFinding,SV-1001_rule,1.242,Rule title 242,ECSC-1,check 242,gp title 242,fix text 242,False Positives,False Negatives,FALSE,,,discussion 242,,,System Administrator,,,Unclass,Windows Server 2008 R2 Member Server Security Technical Implementation Guide,1823,comment 242,,,,
V-1242,medium,NotAFinding,SV-1002_rule,1.243,Rule title 243,ECSC-1,check 243,gp title 243,fix text 243,False Positives,False Negatives,FALSE,,,discussion 243,,,System Administrator,,,Unclass,Windows Server 2008 R2 Member Server Security Technical Implementation Guide,1823,comment 243,,,,
V-1243,medium,NotAFinding,SV-1000_rule,1.244,Rule title 244,ECSC-1,check 244,gp title 244,fix text 244,False Positives,False Negatives,FALSE,,,discussion 244,,,System Administrator,,,Unclass,Windows Server 2008 R2 Member Server Security Technical Implementation Guide,1823,comment 244,,,,
V-1244,medium,NotAFinding,SV-1001_rule,1.245,Rule title 245,ECSC-1,check 245,gp title 245,fix text 245,False Positives,False Negatives,FALSE,,,discussion 245,,,System Administrator,,,Unclass,Windows Server 2008 R2 Member Server Security Technical Implementation Guide,1823,comment 245,,,,
V-1245,medium,NotAFinding,SV-1002_rule,1.246,Rule title 246,ECSC-1,check 246,gp title 246,fix text 246,False Positives,False Negatives,FALSE,,,discussion 246,,,System Administrator,,,Unclass,Windows Server 2008 R2 Member Server Security Technical Implementation Guide,1823,comment 246,,,,
V-1246,medium,NotAFinding,SV-1000_rule,1.247,Rule title 247,ECSC-1,check 247,gp title 247,fix text 247,False Positives,False Negatives,FALSE,,,discussion 247,,,System Administrator,,,Unclass,Windows Server 2008 R2 Member Server Security Technical Implementation Guide,1823,comment 247,,,,
V-1247,medium,NotAFinding,SV-1001_rule,1.248,Rule title 248,ECSC-1,check 248,gp title 248,fix text 248,False Positives,False Negatives,FALSE,,,discussion 248,,,System Administrator,,,Unclass,Windows Server 2008 R2 Member Server Security Technical Implementation Guide,1823,comment 248,,,,
V-1248,medium,NotAFinding,SV-1002_rule,1.249,Rule title 249,ECSC-1,check 249,gp title 249,fix text 249,False Positives,False Negatives,FALSE,,,discussion 249,,,System Administrator,,,Unclass,Windows Server 2008 R2 Member Server Security Technical Implementation Guide,1823,comment 249,,,,
V-1249,medium,NotAFinding,SV-1000_rule,1.25,Rule title 250,ECSC-1,check 250,gp title 250,fix text 250,False Positives,False Negatives,FALSE,,,discussion 250,,,System Administrator,,,Unclass,Windows Server 2008 R2 Member Server Security Technical Implementation Guide,1823,comment 250,,,,
V-1250,medium,NotAFinding,SV-1001_rule,1.251,Rule title 251,ECSC-1,check 251,gp title 251,fix text 251,False Positives,False Negatives,FALSE,,,discussion 251,,,System Administrator,,,Unclass,Windows Server 2008 R2 Member Server Security Technical Implementation Guide,1823,comment 251,,,,
V-1251,medium,NotAFinding,SV-1002_rule,1.252,Rule title 252,ECSC-1,check 252,gp title 252,fix text 252,False Positives,False Negatives,TRUE,,,discussion 252,,,System Administrator,,,Unclass,Windows Server 2008 R2 Member Server Security Technical Implementation Guide,1823,comment 252,,,,
V-1252,medium,NotAFinding,SV-1000_rule,1.253,Rule title 253,ECSC-1,check 253,gp title 253,fix text 253,False Positives,False Negatives,TRUE,,,discussion 253,,,System Administrator,,,Unclass,Windows Server 2008 R2 Member Server Security Technical Implementation Guide,1823,comment 253,,,,
V-1253,medium,Open,SV-1001_rule,1.254,Rule title 254,ECSC-1,check 254,gp title 254,fix text 254,False Positives,False Negatives,FALSE,,,discussion 254,,,System Administrator,,,Unclass,Windows Server 2008 R2 Member Server Security Technical Implementation Guide,1823,comment 254,,,,
V-1254,medium,NotAFinding,SV-1002_rule,1.255,Rule title 255,ECSC-1,check 255,gp title 255,fix text 255,False Positives,False Negatives,FALSE,,,discussion 255,,,System Administrator,,,Unclass,Windows Server 2008 R2 Member Server Security Technical Implementation Guide,1823,comment 255,,,,
V-1255,medium,NotAFinding,SV-1000_rule,1.256,Rule title 256,ECSC-1,check 256,gp title 256,fix text 256,False Positives,False Negatives,FALSE,,,discussion 256,,,System Administrator,,,Unclass,Windows Server 2008 R2 Member Server Security Technical Implementation Guide,1823,comment 256,,,,
V-1256,medium,NotAFinding,SV-1001_rule,1.257,Rule title 257,ECSC-1,check 257,gp title 257,fix text 257,False Positives,False Negatives,FALSE,,,discussion 257,,,System Administrator,,,Unclass,Windows Server 2008 R2 Member Server Security Technical Implementation Guide,1823,comment 257,,,,
V-1257,medium,Open,SV-1002_rule,1.258,Rule title 258,ECSC-1,check 258,gp title 258,fix text 258,False Positives,False Negatives,TRUE,,,discussion 258,,,Information Assurance Officer,,,Unclass,Windows Server 2008 R2 Member Server Security Technical Implementation Guide,1823,comment 258,,,,
V-1258,medium,Open,SV-1000_rule,1.259,Rule title 259,ECSC-1,check 259,gp title 259,fix text 259,False Positives,False Negatives,FALSE,,,discussion 259,,,System Administrator,,,Unclass,Windows Server 2008 R2 Member Server Security Technical Implementation Guide,1823,comment 259,,,,
V-1259,medium,NotAFinding,SV-1001_rule,1.26,Rule title 260,ECSC-1,check 260,gp title 260,fix text 260,False Positives,False Negatives,FALSE,,,discussion 260,,,System Administrator,,,Unclass,Windows Server 2008 R2 Member Server Security Technical Implementation Guide,1823,comment 260,,,,
V-1260,medium,NotAFinding,SV-1002_rule,1.261,Rule title 261,ECSC-1,check 261,gp title 261,fix text 261,False Positives,False Negatives,FALSE,,,discussion 261,,,System Administrator,,,Unclass,Windows Server 2008 R2 Member Server Security Technical Implementation Guide,1823,comment 261,,,,
V-1261,medium,NotAFinding,SV-1000_rule,1.262,Rule title 262,ECSC-1,check 262,gp title 262,fix text 262,False Positives,False Negatives,FALSE,,,discussion 262,,,System Administrator,,,Unclass,Windows Server 2008 R2 Member Server Security Technical Implementation Guide,1823,comment 262,,,,
V-1262,medium,NotAFinding,SV-1001_rule,1.263,Rule title 263,ECSC-1,check 263,gp title 263,fix text 263,False Positives,False Negatives,FALSE,,,discussion 263,,,System Administrator,,,Unclass,Windows Server 2008 R2 Member Server Security Technical Implementation Guide,1823,comment 263,,,,
V-1263,medium,NotAFinding,SV-1002_rule,1.264,Rule title 264,ECSC-1,check 264,gp title 264,fix text 264,False Positives,False Negatives,FALSE,,,discussion 264,,,System Administrator,,,Unclass,Windows Server 2008 R2 Member Server Security Technical Implementation Guide,1823,comment 264,,,,
V-1264,low,NotAFinding,SV-1000_rule,1.265,Rule title 265,ECSC-1,check 265,gp title 265,fix text 265,False Positives,False Negatives,FALSE,,,discussion 265,,,System Administrator,,,Unclass,Windows Server 2008 R2 Member Server Security Technical Implementation Guide,1823,comment 265,,,,
V-1265,medium,NotAFinding,SV-1001_rule,1.266,Rule title 266,ECSC-1,check 266,gp title 266,fix text 266,False Positives,False Negatives,TRUE,,,discussion 266,,,System Administrator,,,Unclass,Windows Server 2008 R2 Member Server Security Technical Implementation Guide,1823,comment 266,,,,
V-1266,medium,NotAFinding,SV-1002_rule,1.267,Rule title 267,ECSC-1,check 267,gp title 267,fix text 267,False Positives,False Negatives,TRUE,,,discussion 267,,,System Administrator,,,Unclass,Windows Server 2008 R2 Member Server Security Technical Implementation Guide,1823,comment 267,,,,
V-1267,medium,NotAFinding,SV-1000_rule,1.268,Rule title 268,ECSC-1,check 268,gp title 268,fix text 268,False Positives,False Negatives,FALSE,,,discussion 268,,,System Administrator,,,Unclass,Windows Server 2008 R2 Member Server Security Technical Implementation Guide,1823,comment 268,,,,
V-1268,medium,NotAFinding,SV-1001_rule,1.269,Rule title 269,ECSC-1,check 269,gp title 269,fix text 269,False Positives,False Negatives,FALSE,,,discussion 269,,,System Administrator,,,Unclass,Windows Server 2008 R2 Member Server Security Technical Implementation Guide,1823,comment 269,,,,
V-1269,medium,NotAFinding,SV-1002_rule,1.27,Rule title 270,ECSC-1,check 270,gp title 270,fix text 270,False Positives,False Negatives,FALSE,,,discussion 270,,,System Administrator,,,Unclass,Windows Server 2008 R2 Member Server Security Technical Implementation Guide,1823,comment 270,,,,
V-1270,medium,NotAFinding,SV-1000_rule,1.271,Rule title 271,ECSC-1,check 271,gp title 271,fix text 271,False Positives,False Negatives,FALSE,,,discussion 271,,,System Administrator,,,Unclass,Windows Server 2008 R2 Member Server Security Technical Implementation Guide,1823,comment 271,,,,
V-1271,medium,NotAFinding,SV-1001_rule,1.272,Rule title 272,ECSC-1,check 272,gp title 272,fix text 272,False Positives,False Negatives,FALSE,,,discussion 272,,,System Administrator,,,Unclass,Windows Server 2008 R2 Member Server Security Technical Implementation Guide,1823,comment 272,,,,
V-1272,medium,NotAFinding,SV-1002_rule,1.273,Rule title 273,ECSC-1,check 273,gp title 273,fix text 273,False Positives,False Negatives,FALSE,,,discussion 273,,,System Administrator,,,Unclass,Windows Server 2008 R2 Member Server Security Technical Implementation Guide,1823,comment 273,,,,
V-1273,medium,NotAFinding,SV-1000_rule,1.274,Rule title 274,ECSC-1,check 274,gp title 274,fix text 274,False Positives,False Negatives,FALSE,,,discussion 274,,,System Administrator,,,Unclass,Windows Server 2008 R2 Member Server Security Technical Implementation Guide,1823,comment 274,,,,
V-1274,medium,NotAFinding,SV-1001_rule,1.275,Rule title 275,ECSC-1,check 275,gp title 275,fix text 275,False Positives,False Negatives,FALSE,,,discussion 275,,,System Administrator,,,Unclass,Windows Server 2008 R2 Member Server Security Technical Implementation Guide,1823,comment 275,,,,
V-1275,medium,NotAFinding,SV-1002_rule,1.276,Rule title 276,ECSC-1,check 276,gp title 276,fix text 276,False Positives,False Negatives,FALSE,,,discussion 276,,,System Administrator,,,Unclass,Windows Server 2008 R2 Member Server Security Technical Implementation Guide,1823,comment 276,,,,
V-1276,medium,NotAFinding,SV-1000_rule,1.277,Rule title 277,ECSC-1,check 277,gp title 277,fix text 277,False Positives,False Negatives,FALSE,,,discussion 277,,,System Administrator,,,Unclass,Windows Server 2008 R2 Member Server Security Technical Implementation Guide,1823,comment 277,,,,
V-1277,medium,NotAFinding,SV-1001_rule,1.278,Rule title 278,ECSC-1,check 278,gp title 278,fix text 278,False Positives,False Negatives,FALSE,,,discussion 278,,,System Administrator,,,Unclass,Windows Server 2008 R2 Member Server Security Technical Implementation Guide,1823,comment 278,,,,
V-1278,medium,NotAFinding,SV-1002_rule,1.279,Rule title 279,ECSC-1,check 279,gp title 279,fix text 279,False Positives,False Negatives,FALSE,,,discussion 279,,,System Administrator,,,Unclass,Windows Server 2008 R2 Member Server Security Technical Implementation Guide,1823,comment 279,,,,
V-1279,medium,NotAFinding,SV-1000_rule,1.28,Rule title 280,ECSC-1,check 280,gp title 280,fix text 280,False Positives,False Negatives,FALSE,,,discussion 280,,,System Administrator,,,Unclass,Windows Server 2008 R2 Member Server Security Technical Implementation Guide,1823,comment 280,,,,
V-1280,medium,NotAFinding,SV-1001_rule,1.281,Rule title 281,ECSC-1,check 281,gp title 281,fix text 281,False Positives,False Negatives,FALSE,,,discussion 281,,,System Administrator,,,Unclass,Windows Server 2008 R2 Member Server Security Technical Implementation Guide,1823,comment 281,,,,
V-1281,medium,NotAFinding,SV-1002_rule,1.282,Rule title 282,ECSC-1,check 282,gp title 282,fix text 282,False Positives,False Negatives,FALSE,,,discussion 282,,,System Administrator,,,Unclass,Windows Server 2008 R2 Member Server Security Technical Implementation Guide,1823,comment 282,,,,
V-1282,medium,NotAFinding,SV-1000_rule,1.283,Rule title 283,ECSC-1,check 283,gp title 283,fix text 283,False Positives,False Negatives,FALSE,,,discussion 283,,,System Administrator,,,Unclass,Windows Server 2008 R2 Member Server Security Technical Implementation Guide,1823,comment 283,,,,
V-1283,medium,NotAFinding,SV-1001_rule,1.284,Rule title 284,ECSC-1,check 284,gp title 284,fix text 284,False Positives,False Negatives,FALSE,,,discussion 284,,,System Administrator,,,Unclass,Windows Server 2008 R2 Member Server Security Technical Implementation Guide,1823,comment 284,,,,
V-1284,medium,NotAFinding,SV-1002_rule,1.285,Rule title 285,ECSC-1,check 285,gp title 285,fix text 285,False Positives,False Negatives,FALSE,,,discussion 285,,,System Administrator,,,Unclass,Windows Server 2008 R2 Member Server Security Technical Implementation Guide,1823,comment 285,,,,
V-1285,medium,NotAFinding,SV-1000_rule,1.286,Rule title 286,ECSC-1,check 286,gp title 286,fix text 286,False Positives,False Negatives,FALSE,,,discussion 286,,,System Administrator,,,Unclass,Windows Server 2008 R2 Member Server Security Technical Implementation Guide,1823,comment 286,,,,
V-1286,medium,NotAFinding,SV-1001_rule,1.287,Rule title 287,ECSC-1,check 287,gp title 287,fix text 287,False Positives,False Negatives,FALSE,,,discussion 287,,,System Administrator,,,Unclass,Windows Server 2008 R2 Member Server Security Technical Implementation Guide,1823,comment 287,,,,
V-1287,medium,NotAFinding,SV-1002_rule,1.288,Rule title 288,ECSC-1,check 288,gp title 288,fix text 288,False Positives,False Negatives,FALSE,,,discussion 288,,,System Administrator,,,Unclass,Windows Server 2008 R2 Member Server Security Technical Implementation Guide,1823,comment 288,,,,
V-1288,medium,NotAFinding,SV-1000_rule,1.289,Rule title 289,ECSC-1,check 289,gp title 289,fix text 289,False Positives,False Negatives,FALSE,,,discussion 289,,,System Administrator,,,Unclass,Windows Server 2008 R2 Member Server Security Technical Implementation Guide,1823,comment 289,,,,
V-1289,medium,NotAFinding,SV-1001_rule,1.29,Rule title 290,ECSC-1,check 290,gp title 290,fix text 290,False Positives,False Negatives,FALSE,,,discussion 290,,,System Administrator,,,Unclass,Windows Server 2008 R2 Member Server Security Technical Implementation Guide,1823,comment 290,,,,
V-1290,medium,NotAFinding,SV-1002_rule,1.291,Rule title 291,ECSC-1,check 291,gp title 291,fix text 291,False Positives,False Negatives,FALSE,,,discussion 291,,,System Administrator,,,Unclass,Windows Server 2008 R2 Member Server Security Technical Implementation Guide,1823,comment 291,,,,
V-1291,medium,NotAFinding,SV-1000_rule,1.292,Rule title 292,ECSC-1,check 292,gp title 292,fix text 292,False Positives,False Negatives,FALSE,,,discussion 292,,,System Administrator,,,Unclass,Windows Server 2008 R2 Member Server Security Technical Implementation Guide,1823,comment 292,,,,
V-1292,medium,NotAFinding,SV-1001_rule,1.293,Rule title 293,ECSC-1,check 293,gp title 293,fix text 293,False Positives,False Negatives,FALSE,,,discussion 293,,,System Administrator,,,Unclass,Windows Server 2008 R2 Member Server Security Technical Implementation Guide,1823,comment 293,,,,
V-1293,medium,NotAFinding,SV-1002_rule,1.294,Rule title 294,ECSC-1,check 294,gp title 294,fix text 294,False Positives,False Negatives,FALSE,,,discussion 294,,,System Administrator,,,Unclass,Windows Server 2008 R2 Member Server Security Technical Implementation Guide,1823,comment 294,,,,
V-1294,medium,NotAFinding,SV-1000_rule,1.295,Rule title 295,ECSC-1,check 295,gp title 295,fix text 295,False Positives,False Negatives,FALSE,,,discussion 295,,,System Administrator,,,Unclass,Windows Server 2008 R2 Member Server Security Technical Implementation Guide,1823,comment 295,,,,
V-1295,medium,NotAFinding,SV-1001_rule,1.296,Rule title 296,ECSC-1,check 296,gp title 296,fix text 296,False Positives,False Negatives,FALSE,,,discussion 296,,,System Administrator,,,Unclass,Windows Server 2008 R2 Member Server Security Technical Implementation Guide,1823,comment 296,,,,
V-1296,medium,NotAFinding,SV-1002_rule,1.297,Rule title 297,ECSC-1,check 297,gp title 297,fix text 297,False Positives,False Negatives,FALSE,,,discussion 297,,,System Administrator,,,Unclass,Windows Server 2008 R2 Member Server Security Technical Implementation Guide,1823,comment 297,,,,
V-1297,medium,NotAFinding,SV-1000_rule,1.298,Rule title 298,ECSC-1,check 298,gp title 298,fix text 298,False Positives,False Negatives,FALSE,,,discussion 298,,,System Administrator,,,Unclass,Windows Server 2008 R2 Member Server Security Technical Implementation Guide,1823,comment 298,,,,
V-1298,medium,NotAFinding,SV-1001_rule,1.299,Rule title 299,ECSC-1,check 299,gp title 299,fix text 299,False Positives,False Negatives,FALSE,,,discussion 299,,,System Administrator,,,Unclass,Windows Server 2008 R2 Member Server Security Technical Implementation Guide,1823,comment 299,,,,
V-1299,medium,NotAFinding,SV-1002_rule,1.3,Rule title 300,ECSC-1,check 300,gp title 300,fix text 300,False Positives,False Negatives,FALSE,,,discussion 300,,,System Administrator,,,Unclass,Windows Server 2008 R2 Member Server Security Technical Implementation Guide,1823,comment 300,,,,
V-1300,medium,NotAFinding,SV-1000_rule,1.301,Rule title 301,ECSC-1,check 301,gp title 301,fix text 301,False Positives,False Negatives,FALSE,,,discussion 301,,,System Administrator,,,Unclass,Windows Server 2008 R2 Member Server Security Technical Implementation Guide,1823,comment 301,,,,
V-1301,medium,NotAFinding,SV-1001_rule,1.302,Rule title 302,ECSC-1,check 302,gp title 302,fix text 302,False Positives,False Negatives,FALSE,,,discussion 302,,,System Administrator,,,Unclass,Windows Server 2008 R2 Member Server Security Technical Implementation Guide,1823,comment 302,,,,
V-1302,medium,NotAFinding,SV-1002_rule,1.303,Rule title 303,ECSC-1,check 303,gp title 303,fix text 303,False Positives,False Negatives,FALSE,,,discussion 303,,,System Administrator,,,Unclass,Windows Server 2008 R2 Member Server Security Technical Implementation Guide,1823,comment 303,,,,
V-1303,medium,NotAFinding,SV-1000_rule,1.304,Rule title 304,ECSC-1,check 304,gp title 304,fix text 304,False Positives,False Negatives,TRUE,,,discussion 304,,,System Administrator,,,Unclass,Windows Server 2008 R2 Member Server Security Technical Implementation Guide,1823,comment 304,,,,
V-1304,medium,NotAFinding,SV-1001_rule,1.305,Rule title 305,ECSC-1,check 305,gp title 305,fix text 305,False Positives,False Negatives,TRUE,,,discussion 305,,,System Administrator,,,Unclass,Windows Server 2008 R2 Member Server Security Technical Implementation Guide,1823,comment 305,,,,
V-1305,medium,NotAFinding,SV-1002_rule,1.306,Rule title 306,ECSC-1,check 306,gp title 306,fix text 306,False Positives,False Negatives,TRUE,,,discussion 306,,,System Administrator,,,Unclass,Windows Server 2008 R2 Member Server Security Technical Implementation Guide,1823,comment 306,,,,
V-1306,medium,NotAFinding,SV-1000_rule,1.307,Rule title 307,ECSC-1,check 307,gp title 307,fix text 307,False Positives,False Negatives,TRUE,,,discussion 307,,,System Administrator,,,Unclass,Windows Server 2008 R2 Member Server Security Technical Implementation Guide,1823,comment 307,,,,
V-1307,medium,NotAFinding,SV-1001_rule,1.308,Rule title 308,ECSC-1,check 308,gp title 308,fix text 308,False Positives,False Negatives,FALSE,,,discussion 308,,,System Administrator,,,Unclass,Windows Server 2008 R2 Member Server Security Technical Implementation Guide,1823,comment 308,,,,
V-1308,medium,NotAFinding,SV-1002_rule,1.309,Rule title 309,ECSC-1,check 309,gp title 309,fix text 309,False Positives,False Negatives,FALSE,,,discussion 309,,,System Administrator,,,Unclass,Windows Server 2008 R2 Member Server Security Technical Implementation Guide,1823,comment 309,,,,
V-1309,medium,NotAFinding,SV-1000_rule,1.31,Rule title 310,ECSC-1,check 310,gp title 310,fix text 310,False Positives,False Negatives,FALSE,,,discussion 310,,,System Administrator,,,Unclass,Windows Server 2008 R2 Member Server Security Technical Implementation Guide,1823,comment 310,,,,
V-1310,medium,NotAFinding,SV-1001_rule,1.311,Rule title 311,ECSC-1,check 311,gp title 311,fix text 311,False Positives,False Negatives,FALSE,,,discussion 311,,,System Administrator,,,Unclass,Windows Server 2008 R2 Member Server Security Technical Implementation Guide,1823,comment 311,,,,
V-1311,medium,NotAFinding,SV-1002_rule,1.312,Rule title 312,ECSC-1,check 312,gp title 312,fix text 312,False Positives,False Negatives,FALSE,,,discussion 312,,,System Administrator,,,Unclass,Windows Server 2008 R2 Member Server Security Technical Implementation Guide,1823,comment 312,,,,
V-1312,low,NotAFinding,SV-1000_rule,1.313,Rule title 313,ECSC-1,check 313,gp title 313,fix text 313,False Positives,False Negatives,FALSE,,,discussion 313,,,System Administrator,,,Unclass,Windows Server 2008 R2 Member Server Security Technical Implementation Guide,1823,comment 313,,,,
V-1313,medium,NotAFinding,SV-1001_rule,1.314,Rule title 314,ECSC-1,check 314,gp title 314,fix text 314,False Positives,False Negatives,FALSE,,,discussion 314,,,System Administrator,,,Unclass,Windows Server 2008 R2 Member Server Security Technical Implementation Guide,1823,comment 314,,,,
V-1314,medium,NotAFinding,SV-1002_rule,1.315,Rule title 315,ECSC-1,check 315,gp title 315,fix text 315,False Positives,False Negatives,FALSE,,,discussion 315,,,System Administrator,,,Unclass,Windows Server 2008 R2 Member Server Security Technical Implementation Guide,1823,comment 315,,,,
V-1315,medium,Open,SV-1000_rule,1.316,Rule title 316,ECSC-1,check 316,gp title 316,fix text 316,False Positives,False Negatives,FALSE,,,discussion 316,,,System Administrator,,,Unclass,Windows Server 2008 R2 Member Server Security Technical Implementation Guide,1823,comment 316,,,,
V-1316,high,NotAFinding,SV-1001_rule,1.317,Rule title 317,ECSC-1,check 317,gp title 317,fix text 317,False Positives,False Negatives,FALSE,,,discussion 317,,,System Administrator,,,Unclass,Windows Server 2008 R2 Member Server Security Technical Implementation Guide,1823,comment 317,,,,
V-1317,high,Open,SV-1002_rule,1.318,Rule title 318,ECSC-1,check 318,gp title 318,fix text 318,False Positives,False Negatives,FALSE,,,discussion 318,,,System Administrator,,,Unclass,Windows Server 2008 R2 Member Server Security Technical Implementation Guide,1823,comment 318,,,,
V-1318,medium,Not_Applicable,SV-1000_rule,1.319,Rule title 319,ECSC-1,check 319,gp title 319,fix text 319,False Positives,False Negatives,FALSE,,,discussion 319,,,System Administrator,,,Unclass,Windows Server 2008 R2 Member Server Security Technical Implementation Guide,1823,comment 319,,,,
V-1319,high,Not_Applicable,SV-1001_rule,1.32,Rule title 320,ECSC-1,check 320,gp title 320,fix text 320,False Positives,False Negatives,FALSE,,,discussion 320,,,System Administrator,,,Unclass,Windows Server 2008 R2 Member Server Security Technical Implementation Guide,1823,comment 320,,,,
V-1320,medium,Open,SV-1002_rule,1.321,Rule title 321,ECSC-1,check 321,gp title 321,fix text 321,False Positives,False Negatives,FALSE,,,discussion 321,,,System Administrator,,,Unclass,Windows Server 2008 R2 Member Server Security Technical Implementation Guide,1823,comment 321,,,,
V-1321,medium,Open,SV-1000_rule,1.322,Rule title 322,ECSC-1,check 322,gp title 322,fix text 322,False Positives,False Negatives,FALSE,,,discussion 322,,,System Administrator,,,Unclass,Windows Server 2008 R2 Member Server Security Technical Implementation Guide,1823,comment 322,,,,
V-1322,medium,Open,SV-1001_rule,1.323,Rule title 323,ECSC-1,check 323,gp title 323,fix text 323,False Positives,False Negatives,FALSE,,,discussion 323,,,System Administrator,,,Unclass,Windows Server 2008 R2 Member Server Security Technical Implementation Guide,1823,comment 323,,,,
V-1323,medium,Open,SV-1002_rule,1.324,Rule title 324,ECSC-1,check 324,gp title 324,fix text 324,False Positives,False Negatives,FALSE,,,discussion 324,,,System Administrator,,,Unclass,Windows Server 2008 R2 Member Server Security Technical Implementation Guide,1823,comment 324,,,,
V-1324,medium,Open,SV-1000_rule,1.325,Rule title 325,ECSC-1,check 325,gp title 325,fix text 325,False Positives,False Negatives,FALSE,,,discussion 325,,,System Administrator,,,Unclass,Windows Server 2008 R2 Member Server Security Technical Implementation Guide,1823,comment 325,,,,
V-1325,medium,Open,SV-1001_rule,1.326,Rule title 326,ECSC-1,check 326,gp title 326,fix text 326,False Positives,False Negatives,FALSE,,,discussion 326,,,System Administrator,,,Unclass,Windows Server 2008 R2 Member Server Security Technical Implementation Guide,1823,comment 326,,,,
V-1326,medium,Open,SV-1002_rule,1.327,Rule title 327,ECSC-1,check 327,gp title 327,fix text 327,False Positives,False Negatives,FALSE,,,discussion 327,,,System Administrator,,,Unclass,Windows Server 2008 R2 Member Server Security Technical Implementation Guide,1823,comment 327,,,,
V-1327,medium,Open,SV-1000_rule,1.328,Rule title 328,ECSC-1,check 328,gp title 328,fix text 328,False Positives,False Negatives,FALSE,,,discussion 328,,,System Administrator,,,Unclass,Windows Server 2008 R2 Member Server Security Technical Implementation Guide,1823,comment 328,,,,
V-1328,medium,Open,SV-1001_rule,1.329,Rule title 329,ECSC-1,check 329,gp title 329,fix text 329,False Positives,False Negatives,FALSE,,,discussion 329,,,System Administrator,,,Unclass,Windows Server 2008 R2 Member Server Security Technical Implementation Guide,1823,comment 329,,,,
