STIG,Vuln ID,STIG ID,Rule ID,Rule Title,Check Content,Key,Type,Value,Found
Windows 7 Security Technical Implementation Guide,V-1075,3.007,SV-25111r1_rule,The system allows shutdown from the logon dialog box.,HKLM\\Software\\Microsoft\\Windows\\CurrentVersion\\Policies\\System,ShutdownWithoutLogon,REG_DWORD,1,
Windows 7 Security Technical Implementation Guide,V-1084,3.003,SV-25112r1_rule,System pagefile is cleared upon shutdown.,HKLM\\System\\CurrentControlSet\\Control\\Session Manager\\Memory Management,ClearPageFileAtShutdown,REG_DWORD,0,
Windows 7 Security Technical Implementation Guide,V-1085,3.006,SV-25037r1_rule,Floppy media devices are not allocated upon user logon.,HKLM\\Software\\Microsoft\\Windows NT\\CurrentVersion\\Winlogon,Allocatefloppies,REG_SZ,0,
Windows 7 Security Technical Implementation Guide,V-1089,3.011,SV-25046r3_rule,The required legal notice must be configured to display before console logon.,HKLM\\Software\\Microsoft\\Windows\\CurrentVersion\\Policies\\System,LegalNoticeText,REG_SZ,See message text above,
Windows 7 Security Technical Implementation Guide,V-1090,3.013,SV-25047r2_rule,Caching of logon credentials is not limited.,HKLM\\Software\\Microsoft\\Windows NT\\CurrentVersion\\Winlogon,CachedLogonsCount,REG_SZ,2,
Windows 7 Security Technical Implementation Guide,V-1091,3.015,SV-25033r1_rule,System halts once an event log has reached its maximum size.,HKLM\\System\\CurrentControlSet\\Control\\Lsa,CrashOnAuditFail , REG_DWORD,0,
Windows 7 Security Technical Implementation Guide,V-1093,3.018,SV-25090r1_rule,Anonymous enumeration of shares will be restricted.,HKLM\\System\\CurrentControlSet\\Control\\Lsa,RestrictAnonymous,REG_DWORD,1,
Windows 7 Security Technical Implementation Guide,V-1122,5.006,SV-25201r1_rule,The system configuration is not set with a password-protected screen saver.,HKCU\\Software\\Policies\\Microsoft\\Windows\\Control Panel\\Desktop,ScreenSaverIsSecure,REG_SZ,1,
Windows 7 Security Technical Implementation Guide,V-1136,4.006,SV-25063r1_rule,Users are not forcibly disconnected when logon hours expire.,HKLM\\System\\CurrentControlSet\\Services\\LanManServer\\Parameters,EnableForcedLogoff,REG_DWORD,1,
Windows 7 Security Technical Implementation Guide,V-1141,3.034,SV-25056r1_rule,Unencrypted password is sent to third-party SMB server.,HKLM\\System\\CurrentControlSet\\Services\\LanmanWorkstation\\Parameters,EnablePlainText,REG_DWORD,0,
Windows 7 Security Technical Implementation Guide,V-1145,3.04,SV-25064r2_rule,Automatic logons must be disabled.,HKLM\\Software\\Microsoft\\Windows NT\\CurrentVersion\\Winlogon,AutoAdminLogon,REG_SZ,0,
Windows 7 Security Technical Implementation Guide,V-1151,3.029,SV-25035r1_rule,Print driver installation privilege is not restricted to administrators.,HKLM\\System\\CurrentControlSet\\Control\\Print\\Providers\\LanMan Print Services\\Servers,AddPrinterDrivers,REG_DWORD,1,
Windows 7 Security Technical Implementation Guide,V-1153,3.031,SV-25105r1_rule,The Send download LanMan compatible password option is not set to Send NTLMv2 response only\refuse LM & NTLM.,HKLM\\System\\CurrentControlSet\\Control\\Lsa,LmCompatibilityLevel,REG_DWORD,5,
Windows 7 Security Technical Implementation Guide,V-1154,3.032,SV-25045r1_rule,Ctrl+Alt+Del security attention sequence is disabled.,HKLM\\Software\\Microsoft\\Windows\\CurrentVersion\\Policies\\System,DisableCAD,REG_DWORD,0,
Windows 7 Security Technical Implementation Guide,V-1157,3.047,SV-25050r1_rule,The smart card removal option is set to take no action.,HKLM\\Software\\Microsoft\\Windows NT\\CurrentVersion\\Winlogon,SCRemoveOption,REG_SZ,1,
Windows 7 Security Technical Implementation Guide,V-1158,3.048,SV-25110r1_rule,The Recovery Console SET command is enabled.,HKLM\\Software\\Microsoft\\Windows NT\\CurrentVersion\\Setup\\RecoveryConsole,SetCommand,REG_DWORD,0,
Windows 7 Security Technical Implementation Guide,V-1159,3.049,SV-25109r1_rule,The Recovery Console option is set to permit automatic logon to the system.,HKLM\\Software\\Microsoft\\Windows NT\\CurrentVersion\\Setup\\RecoveryConsole,SecurityLevel,REG_DWORD,0,
Windows 7 Security Technical Implementation Guide,V-1162,3.046,SV-25061r1_rule,The Windows SMB server is not enabled to perform SMB packet signing when possible.,HKLM\\System\\CurrentControlSet\\Services\\LanManServer\\Parameters,EnableSecuritySignature,REG_DWORD,1,
Windows 7 Security Technical Implementation Guide,V-1163,3.043,SV-25039r1_rule,Outgoing secure channel traffic is not encrypted when possible.,HKLM\\System\\CurrentControlSet\\Services\\Netlogon\\Parameters,SealSecureChannel,REG_DWORD,1,
Windows 7 Security Technical Implementation Guide,V-1164,3.042,SV-25040r1_rule,Outgoing secure channel traffic is not signed when possible.,HKLM\\System\\CurrentControlSet\\Services\\Netlogon\\Parameters,SignSecureChannel,REG_DWORD,1,
Windows 7 Security Technical Implementation Guide,V-1165,3.044,SV-25041r1_rule,The computer account password is prevented from being reset.,HKLM\\System\\CurrentControlSet\\Services\\Netlogon\\Parameters,DisablePasswordChange,REG_DWORD,0,
Windows 7 Security Technical Implementation Guide,V-1166,3.045,SV-25055r1_rule,The Windows SMB client is not enabled to perform SMB packet signing when possible.,HKLM\\System\\CurrentControlSet\\Services\\LanmanWorkstation\\Parameters, EnableSecuritySignature,REG_DWORD,1,
Windows 7 Security Technical Implementation Guide,V-1171,3.052,SV-25034r1_rule,Ejection of removable NTFS media is not restricted to administrators.,HKLM\\Software\\Microsoft\\Windows NT\\CurrentVersion\\Winlogon, AllocateDASD,REG_SZ,0,
Windows 7 Security Technical Implementation Guide,V-1172,3.054,SV-25048r1_rule,Users are not warned in advance that their passwords will expire.,HKLM\\Software\\Microsoft\\Windows NT\\CurrentVersion\\Winlogon,PasswordExpiryWarning,REG_DWORD,14,
Windows 7 Security Technical Implementation Guide,V-1173,3.055,SV-25115r1_rule,The default permissions of global system objects are not increased.,HKLM\\System\\CurrentControlSet\\Control\\Session Manager,ProtectionMode,REG_DWORD,1,
Windows 7 Security Technical Implementation Guide,V-1174,4.028,SV-25057r1_rule,Amount of idle time required before suspending a session is improperly set.,HKLM\\System\\CurrentControlSet\\Services\\LanManServer\\Parameters, AutoDisconnect,REG_DWORD,15,
Windows 7 Security Technical Implementation Guide,V-2374,3.059,SV-25175r1_rule,The system is configured to autoplay removable media.,HKLM\\Software\\Microsoft\\Windows\\CurrentVersion\\policies\\Explorer,NoDriveTypeAutorun,,0x000000ff,ff
Windows 7 Security Technical Implementation Guide,V-3338,3.063,SV-25093r1_rule,Unauthorized named pipes are accessible with anonymous credentials.,HKLM\\System\\CurrentControlSet\\Services\\LanManServer\\Parameters,NullSessionPipes,REG_MULTI_SZ,(blank),
Windows 7 Security Technical Implementation Guide,V-3339,3.064,SV-25095r1_rule,Unauthorized registry paths are remotely accessible.,HKLM\\System\\CurrentControlSet\\Control\\SecurePipeServers\\Winreg\\AllowedExactPaths,Machine,REG_MULTI_SZ,,
Windows 7 Security Technical Implementation Guide,V-3340,3.065,SV-25101r1_rule,Unauthorized shares can be accessed anonymously.,HKLM\\System\\CurrentControlSet\\Services\\LanManServer\\Parameters,NullSessionShares,REG_MULTI_SZ,(blank),
Windows 7 Security Technical Implementation Guide,V-3343,3.068,SV-25170r1_rule,Solicited Remote Assistance is allowed.,HKLM\\Software\\Policies\\Microsoft\\Windows NT\\Terminal Services,fAllowToGetHelp,REG_DWORD,0,
Windows 7 Security Technical Implementation Guide,V-3344,4.036,SV-25022r1_rule,The use of local accounts with blank passwords is not restricted to console logons only.,HKLM\\System\\CurrentControlSet\\Control\\Lsa, LimitBlankPasswordUse,REG_DWORD,1,
Windows 7 Security Technical Implementation Guide,V-3373,4.043,SV-25042r1_rule,The maximum age for machine account passwords is not set to requirements.,HKLM\\System\\CurrentControlSet\\Services\\Netlogon\\Parameters ,MaximumPasswordAge,REG_DWORD,30,
Windows 7 Security Technical Implementation Guide,V-3374,4.044,SV-25043r1_rule,The system is not configured to require a strong session key.,HKLM\\System\\CurrentControlSet\\Services\\Netlogon\\Parameters,RequireStrongKey,REG_DWORD,1,
Windows 7 Security Technical Implementation Guide,V-3375,4.045,SV-25049r1_rule,Domain Controller authentication is not required to unlock the workstation.,HKLM\\Software\\Microsoft\\Windows NT\\CurrentVersion\\Winlogon, ForceUnlockLogon,REG_DWORD,0,
Windows 7 Security Technical Implementation Guide,V-3376,3.07,SV-25091r1_rule,The system is configured to permit storage of passwords and credentials.,HKLM\\System\\CurrentControlSet\\Control\\Lsa,DisableDomainCreds,REG_DWORD,1,
Windows 7 Security Technical Implementation Guide,V-3377,3.071,SV-25092r1_rule,The system is configured to give anonymous users Everyone rights.,HKLM\\System\\CurrentControlSet\\Control\\Lsa,EveryoneIncludesAnonymous,REG_DWORD,0,
Windows 7 Security Technical Implementation Guide,V-3378,3.072,SV-25103r1_rule,The system is not configured to use the Classic security model.,HKLM\\System\\CurrentControlSet\\Control\\Lsa,ForceGuest,REG_DWORD,0,
Windows 7 Security Technical Implementation Guide,V-3379,3.073,SV-25104r1_rule,The system is configured to store the LAN Manager hash of the password in the SAM.,HKLM\\System\\CurrentControlSet\\Control\\Lsa,NoLMHash,REG_DWORD,1,
Windows 7 Security Technical Implementation Guide,V-3381,3.075,SV-25106r1_rule,The system is not configured to recommended LDAP client signing requirements.,HKLM\\System\\CurrentControlSet\\Services\\LDAP, LDAPClientIntegrity,REG_DWORD,1,
Windows 7 Security Technical Implementation Guide,V-3382,3.076,SV-25107r1_rule,The system is not configured to meet the minimum requirement for session security for NTLM SSP based clients.,HKLM\\System\\CurrentControlSet\\Control\\Lsa\\MSV1_0,NTLMMinClientSec,REG_DWORD,0x20080000,
Windows 7 Security Technical Implementation Guide,V-3383,3.077,SV-25113r1_rule,"The system is not configured to use FIPS compliant algorithms for encryption, hashing, and signing.",HKLM\\System\\CurrentControlSet\\Control\\Lsa\\FIPSAlgorithmPolicy,Enabled,REG_DWORD,1,
Windows 7 Security Technical Implementation Guide,V-3385,3.078,SV-25114r1_rule,The system is configured to allow case insensitivity.,HKLM\\System\\CurrentControlSet\\Control\\Session Manager\\Kernel,ObCaseInsensitive,REG_DWORD,1,
Windows 7 Security Technical Implementation Guide,V-3453,5.042,SV-25261r1_rule,Remote Desktop Services is not configured to always prompt a client for passwords upon connection.,HKLM\\Software\\Policies\\Microsoft\\Windows NT\\Terminal Services, fPromptForPassword,REG_DWORD,1,
Windows 7 Security Technical Implementation Guide,V-3454,5.043,SV-25262r2_rule,Remote Desktop Services is not configured with the client connection encryption set to the required level.,HKLM\\Software\\Policies\\Microsoft\\Windows NT\\Terminal Services,MinEncryptionLevel,REG_DWORD,3,
Windows 7 Security Technical Implementation Guide,V-3455,5.044,SV-25266r1_rule,Remote Desktop Services is configured to use a common temporary folder for all sessions.,HKLM\\Software\\Policies\\Microsoft\\Windows NT\\Terminal Services ,PerSessionTempDir,REG_DWORD,1,
Windows 7 Security Technical Implementation Guide,V-3456,5.045,SV-25265r1_rule,Remote Desktop Services is not configured to delete temporary folders.,HKLM\\Software\\Policies\\Microsoft\\Windows NT\\Terminal Services,DeleteTempDirsOnExit,REG_DWORD,1,
Windows 7 Security Technical Implementation Guide,V-3457,5.046,SV-25264r1_rule,Remote Desktop Services is not configured to set a time limit for disconnected sessions.,HKLM\\Software\\Policies\\Microsoft\\Windows NT\\Terminal Services,MaxDisconnectionTime,REG_DWORD,0x0000ea60,60000
Windows 7 Security Technical Implementation Guide,V-3458,5.047,SV-25263r1_rule,Remote Desktop Services idle session time limit does not meet the requirement.,HKLM\\Software\\Policies\\Microsoft\\Windows NT\\Terminal Services,MaxIdleTime,REG_DWORD,0x000dbba0 ,900000
Windows 7 Security Technical Implementation Guide,V-3471,3.083,SV-25164r1_rule,The system is configured to automatically forward error information.,HKLM\\Software\\Policies\\Microsoft\\PCHealth\\ErrorReporting, DoReport,REG_DWORD,0,
Windows 7 Security Technical Implementation Guide,V-3479,3.088,SV-25072r1_rule,The system is not configured to use Safe DLL search mode.,HKLM\\System\\CurrentControlSet\\Control\\Session Manager,SafeDllSearchMode,REG_DWORD,1,
Windows 7 Security Technical Implementation Guide,V-3480,5.06,SV-40098r1_rule,Media Player is configured to allow automatic checking for updates.,HKLM\\Software\\Policies\\Microsoft\\WindowsMediaPlayer Name,DisableAutoupdate,REG_DWORD,1,
Windows 7 Security Technical Implementation Guide,V-3666,3.089,SV-25108r1_rule,The system is not configured to meet the minimum requirement for session security for NTLM SSP based servers.,HKLM\\System\\CurrentControlSet\\Control\\Lsa\\MSV1_0,NTLMMinServerSec,REG_DWORD,0x20080000,537395200
Windows 7 Security Technical Implementation Guide,V-4108,3.092,SV-25078r1_rule,The system does not generate an audit event when the audit log reaches a percent full threshold.,HKLM\\System\\CurrentControlSet\\Services\\Eventlog\\Security,WarningLevel,REG_DWORD,90,
Windows 7 Security Technical Implementation Guide,V-4110,3.094,SV-25065r1_rule,The system is configured to allow IP source routing.,HKLM\\System\\CurrentControlSet\\Services\\Tcpip\\Parameters,DisableIPSourceRouting,REG_DWORD,2,
Windows 7 Security Technical Implementation Guide,V-4111,3.095,SV-25066r1_rule,The system is configured to redirect ICMP.,HKLM\\System\\CurrentControlSet\\Services\\Tcpip\\Parameters, EnableICMPRedirect,REG_DWORD,0,
Windows 7 Security Technical Implementation Guide,V-4112,3.104,SV-25071r1_rule,The system is configured to detect and configure default gateway addresses.,HKLM\\System\\CurrentControlSet\\Services\\Tcpip\\Parameters,PerformRouterDiscovery,REG_DWORD,0,
Windows 7 Security Technical Implementation Guide,V-4113,3.097,SV-25068r1_rule,The system is configured for a greater keep-alive time than recommended.,HKLM\\System\\CurrentControlSet\\Services\\Tcpip\\Parameters,KeepAliveTime,REG_DWORD,300000,
Windows 7 Security Technical Implementation Guide,V-4116,3.101,SV-25070r1_rule,The system is configured to allow name-release attacks.,HKLM\\System\\CurrentControlSet\\Services\\Netbt\\Parameters,NoNameReleaseOnDemand,REG_DWORD,1,
Windows 7 Security Technical Implementation Guide,V-4438,5.098,SV-25077r1_rule,TCP data retransmissions are not controlled.,HKLM\\System\\CurrentControlSet\\Services\\Tcpip\\Parameters,TcpMaxDataRetransmissions,REG_DWORD,3,
Windows 7 Security Technical Implementation Guide,V-4442,5.102,SV-25076r1_rule,This check verifies that Windows is configured to have password protection take effect within a limited time frame when the screen saver becomes active.,HKLM\\Software\\Microsoft\\Windows NT\\CurrentVersion\\Winlogon,ScreenSaverGracePeriod,REG_SZ,5,
Windows 7 Security Technical Implementation Guide,V-4443,3.108,SV-25097r1_rule,Unauthorized registry paths and sub-paths are remotely accessible.,HKLM\\System\\CurrentControlSet\\Control\\SecurePipeServers\\Winreg\\AllowedPaths,Machine, REG_MULTI_SZ,?,
Windows 7 Security Technical Implementation Guide,V-4448,3.112,SV-25149r1_rule,Group Policy objects are not reprocessed if they have not changed.,HKLM\\Software\\Policies\\Microsoft\\Windows\\Group Policy\\{35378EAC-683F-11D2-A89A-00C04FBBCFA2},NoGPOListChanges,REG_DWORD,0,
Windows 7 Security Technical Implementation Guide,V-6831,3.113,SV-25038r1_rule,Outgoing secure channel traffic is not encrypted or signed.,HKLM\\System\\CurrentControlSet\\Services\\Netlogon\\Parameters,RequireSignOrSeal,REG_DWORD,1,
Windows 7 Security Technical Implementation Guide,V-6832,3.114,SV-25053r1_rule,The Windows SMB client is not enabled to always perform SMB packet signing.,HKLM\\System\\CurrentControlSet\\Services\\LanmanWorkstation\\Parameters,RequireSecuritySignature,REG_DWORD,1,
Windows 7 Security Technical Implementation Guide,V-6833,3.115,SV-25059r1_rule,The Windows SMB server is not enabled to always perform SMB packet signing.,HKLM\\System\\CurrentControlSet\\Services\\LanManServer\\Parameters,RequireSecuritySignature,REG_DWORD,1,
Windows 7 Security Technical Implementation Guide,V-6834,3.116,SV-25099r1_rule,Named pipes and shares can be accessed anonymously.,HKLM\\System\\CurrentControlSet\\Services\\LanManServer\\Parameters,RestrictNullSessAccess,REG_DWORD,1,
Windows 7 Security Technical Implementation Guide,V-11806,3.119,SV-25044r1_rule,The system is configured to allow the display of the last user name on the logon screen.,HKLM\\Software\\Microsoft\\Windows\\CurrentVersion\\Policies\\System,DontDisplayLastUserName,REG_DWORD,1,
Windows 7 Security Technical Implementation Guide,V-14228,3.123,SV-25027r1_rule,Audit access to global system objects is not turned off.,HKLM\\System\\CurrentControlSet\\Control\\Lsa,AuditBaseObjects,REG_DWORD,0,
Windows 7 Security Technical Implementation Guide,V-14229,3.124,SV-25028r1_rule,Audit of backup and restore privileges is not turned off.,HKLM\\System\\CurrentControlSet\\Control\LsaValue,FullPrivilegeAuditing, REG_Binary,0,
Windows 7 Security Technical Implementation Guide,V-14230,3.125,SV-25029r1_rule,Audit policy using subcategories is enabled.,HKLM\\System\\CurrentControlSet\\Control\\Lsa,SCENoApplyLegacyAuditPolicy, REG_DWORD,1,
Windows 7 Security Technical Implementation Guide,V-14231,3.126,SV-25067r2_rule,The system must be configured to hide the computer from the browse list.,HKLM\\System\\CurrentControlSet\\Services\\Lanmanserver\\Parameters,,,,
Windows 7 Security Technical Implementation Guide,V-14232,3.127,SV-25069r1_rule,IPSec exemptions are limited.,HKLM\\System\\CurrentControlSet\\Services\\IPSEC,NoDefaultExempt,REG_DWORD,1,
Windows 7 Security Technical Implementation Guide,V-14234,3.129,SV-25116r1_rule,User Account Control for the built In admin runs in Admin Approval Mode,HKLM\\Software\\Microsoft\\Windows\\CurrentVersion\\Policies\\System,FilterAdministratorToken,REG_DWORD,1,
Windows 7 Security Technical Implementation Guide,V-14235,3.13,SV-25117r1_rule,User Account Control is configured for the appropriate elevation prompt for administrators,HKLM\\Software\\Microsoft\\Windows\\CurrentVersion\\Policies\\System,ConsentPromptBehaviorAdmin,REG_DWORD,2,
Windows 7 Security Technical Implementation Guide,V-14236,3.131,SV-25118r1_rule,User Account Control is configured for the appropriate elevation prompt for standard users.,HKLM\\Software\\Microsoft\\Windows\\CurrentVersion\\Policies\\System,ConsentPromptBehaviorUser,REG_DWORD,1,
Windows 7 Security Technical Implementation Guide,V-14237,3.132,SV-25119r1_rule,User Account Control is configured to detect application installations.,HKLM\\Software\\Microsoft\\Windows\\CurrentVersion\\Policies\\System,EnableInstallerDetection,REG_DWORD,1,
Windows 7 Security Technical Implementation Guide,V-14239,3.134,SV-25121r1_rule,User Account Control - Elevate UIAccess applications that are in secure locations.,HKLM\\Software\\Microsoft\\Windows\\CurrentVersion\\Policies\\System,EnableSecureUIAPaths,REG_DWORD,1,
Windows 7 Security Technical Implementation Guide,V-14240,3.137,SV-25122r1_rule,User Account Control - Run all admins in Admin Approval Mode.,HKLM\\Software\\Microsoft\\Windows\\CurrentVersion\\Policies\\System,EnableLUA,REG_DWORD,1,
Windows 7 Security Technical Implementation Guide,V-14241,3.135,SV-25123r1_rule,User Account Control - Switch to secure desktop.,HKLM\\Software\\Microsoft\\Windows\\CurrentVersion\\Policies\\System,PromptOnSecureDesktop,REG_DWORD,1,
Windows 7 Security Technical Implementation Guide,V-14242,3.136,SV-25124r1_rule,User Account Control - Non UAC compliant applications run in virtualized file and registry entries. ,HKLM\\Software\\Microsoft\\Windows\\CurrentVersion\\Policies\\System,EnableVirtualization,REG_DWORD,1,
Windows 7 Security Technical Implementation Guide,V-14243,5.132,SV-25176r1_rule,Require username and password to elevate a running application.,HKLM\\Software\\Microsoft\\Windows\\CurrentVersion\\Policies\\CredUIValue,EnumerateAdministrators,REG_DWORD,0,
Windows 7 Security Technical Implementation Guide,V-14247,5.116,SV-25258r1_rule,Terminal Services / Remote Desktop Service - Prevent password saving in the Remote Desktop Client.,HKLM\\Software\\Policies\\Microsoft\\Windows NT\\Terminal Services,DisablePasswordSaving,REG_DWORD,1,
Windows 7 Security Technical Implementation Guide,V-14248,5.117,SV-25259r1_rule,Terminal Services / Remote Desktop Services - Prevent users from connecting using Terminal Services or Remote Desktop.,HKLM\\Software\\Policies\\Microsoft\\Windows NT\\Terminal Services,fDenyTSConnections,REG_DWORD,1,
Windows 7 Security Technical Implementation Guide,V-14249,5.118,SV-25260r1_rule,Terminal Services / Remote Desktop Services - Local drives prevented from sharing with Terminal Servers/Remote Session Hosts.,HKLM\\Software\\Policies\\Microsoft\\Windows NT\\Terminal Services,fDisableCdm,REG_DWORD,1,
Windows 7 Security Technical Implementation Guide,V-14250,2.119,SV-25200r2_rule,Automatic Updates must not be used (unless configured to point to a DoD server).,HKLM\\Software\\Policies\\Microsoft\\Windows\\WindowsUpdate,WUServer,REG_SZ,URL of DoD WSUS,
Windows 7 Security Technical Implementation Guide,V-14253,5.123,SV-25172r1_rule,Restrict unauthenticated RPC clients.,HKLM\\Software\\Policies\\Microsoft\\Windows NT\\Rpc,RestrictRemoteClients,REG_DWORD,1,
Windows 7 Security Technical Implementation Guide,V-14254,5.124,SV-25173r1_rule,Client computers required to authenticate for RPC communication.,HKLM\\Software\\Policies\\Microsoft\\Windows NT\\Rpc,EnableAuthEpResolution,REG_DWORD,1,
Windows 7 Security Technical Implementation Guide,V-14255,5.125,SV-25161r1_rule,File and Folder Publish to Web option unavailable.,HKLM\\Software\\Microsoft\\Windows\\CurrentVersion\\Policies\\Explorer Value,NoPublishingWizard,REG_DWORD,1,
Windows 7 Security Technical Implementation Guide,V-14256,5.126,SV-25155r1_rule,Web publishing and online ordering wizards prevented from downloading list of providers.,HKLM\\Software\\Microsoft\\Windows\\CurrentVersion\\Policies\\ExplorerValue,NoWebServices,REG_DWORD,1,
Windows 7 Security Technical Implementation Guide,V-14258,5.128,SV-25159r1_rule,Search Companion prevented from automatically downloading content updates.,HKLM\\Software\\Policies\\Microsoft\\SearchCompanion Value,DisableContentFileUpdates,REG_DWORD,1,
Windows 7 Security Technical Implementation Guide,V-14259,5.129,SV-25157r1_rule,Prevent printing over HTTP.,HKLM\\Software\\Policies\\Microsoft\\Windows NT\\PrintersValue,DisableHTTPPrinting,REG_DWORD,1,
Windows 7 Security Technical Implementation Guide,V-14260,5.13,SV-25151r1_rule,Computer prevented from downloading print driver packages over HTTP.,HKLM\\Software\\Policies\\Microsoft\\Windows NT\\PrintersValue,DisableWebPnPDownload,REG_DWORD,1,
Windows 7 Security Technical Implementation Guide,V-14261,5.131,SV-25165r1_rule,Windows is prevented from using Windows Update to search for drivers.,HKLM\\Software\\Policies\\Microsoft\\Windows\\DriverSearchingValue,DontSearchWindowsUpdate,REG_DWORD,1,
Windows 7 Security Technical Implementation Guide,V-14262,5.05,SV-25272r1_rule,IPv6 will be disabled until a deliberate transition strategy has been implemented. ,HKLM\\System\\CurrentControlSet\\Services\\TCpip6\\ParametersValue,DisabledComponents,REG_DWORD,0xffffffff,
Windows 7 Security Technical Implementation Guide,V-14268,5.134,SV-25205r1_rule,Preserve zone information when saving attachments.,HKCU\\Software\\Microsoft\\Windows\\CurrentVersion\\Policies\\Attachments,SaveZoneInformation,REG_DWORD,2,
Windows 7 Security Technical Implementation Guide,V-14269,5.135,SV-25206r1_rule,Hide mechanism for removing zone information from file attachments.,HKCU\\Software\\Microsoft\\Windows\\CurrentVersion\\Policies\\Attachments,HideZoneInfoOnProperties,REG_DWORD,1,
Windows 7 Security Technical Implementation Guide,V-14270,5.136,SV-25207r1_rule,Notify antivirus when file attachments are opened.,HKCU\\Software\\Microsoft\\Windows\\CurrentVersion\\Policies\\Attachments,ScanWithAntiVirus,REG_DWORD,3,
Windows 7 Security Technical Implementation Guide,V-15666,5.202,SV-25140r1_rule,Turn off Windows Peer-to-Peer Networking Services. ,HKLM\\Software\\Policies\\Microsoft\\Peernet,Disabled,REG_DWORD,1,
Windows 7 Security Technical Implementation Guide,V-15667,5.203,SV-25141r1_rule,Prohibit Network Bridge in Windows.,HKLM\\Software\\Policies\\Microsoft\\Windows\\Network Connections,NC_AllowNetBridge_NLA,REG_DWORD,0,
Windows 7 Security Technical Implementation Guide,V-15671,5.213,SV-25150r1_rule,Root certificates will not be updated automatically from Microsoft.,HKLM\\Software\\Policies\\Microsoft\\SystemCertificates\\AuthRoot,DisableRootAutoUpdate,REG_DWORD,1,
Windows 7 Security Technical Implementation Guide,V-15672,5.214,SV-25152r1_rule,Event Viewer events.asp links are available.,HKLM\\Software\\Policies\\Microsoft\\EventViewer,MicrosoftEventVwrDisableLinks,REG_DWORD,0,
Windows 7 Security Technical Implementation Guide,V-15673,5.216,SV-25154r1_rule,The Internet Connection Wizard cannot download a list of ISPs from Microosft.,HKLM\\Software\\Policies\\Microsoft\\Windows\\Internet Connection Wizard,ExitOnMSICW,REG_DWORD,1,
Windows 7 Security Technical Implementation Guide,V-15674,5.217,SV-25156r1_rule,Disable Internet File Association Service.,HKLM\\Software\\Microsoft\\Windows\\CurrentVersion\\Policies\\Explorer,NoInternetOpenWith,REG_DWORD,1,
Windows 7 Security Technical Implementation Guide,V-15675,5.218,SV-25158r1_rule,Windows Registration Wizard is blocked.,HKLM\\Software\\Policies\\Microsoft\\Windows\\Registration Wizard Control,NoRegistration,REG_DWORD,1,
Windows 7 Security Technical Implementation Guide,V-15676,5.219,SV-25160r1_rule,Order Prints Online is blocked.,HKLM\\Software\\Microsoft\\Windows\\CurrentVersion\\Policies\\Explorer,NoOnlinePrintsWizard,REG_DWORD,1,
Windows 7 Security Technical Implementation Guide,V-15680,5.223,SV-25166r1_rule,Enabled classic logon.,HKLM\\Software\\Microsoft\\Windows\\CurrentVersion\\Policies\\system,LogonType,REG_DWORD,0,
Windows 7 Security Technical Implementation Guide,V-15682,5.231,SV-25183r1_rule,Prevent RSS attachment downloads.,HKLM\\Software\\Policies\\Microsoft\\Internet Explorer\\Feeds,DisableEnclosureDownload,REG_DWORD,1,
Windows 7 Security Technical Implementation Guide,V-15683,5.24,SV-25192r1_rule,Shell protocol runs in protected mode.,HKLM\\Software\\Microsoft\\Windows\\CurrentVersion\\Policies\\Explorer,PreXPSP2ShellProtocolBehavior,REG_DWORD,0,
Windows 7 Security Technical Implementation Guide,V-15684,5.241,SV-25193r1_rule,IE security prompt is enabled for web-based installations.,HKLM\\Software\\Policies\\Microsoft\\Windows\\Installer,SafeForScripting,REG_DWORD,0,
Windows 7 Security Technical Implementation Guide,V-15685,5.242,SV-25194r1_rule,Prevent users from changing Windows installer options.,HKLM\\Software\\Policies\\Microsoft\\Windows\\Installer,EnableUserControl,REG_DWORD,0,
Windows 7 Security Technical Implementation Guide,V-15686,5.243,SV-25195r1_rule,Prevent users from installing vendor signed updates.,HKLM\\Software\\Policies\\Microsoft\\Windows\\Installer,DisableLUAPatching,REG_DWORD,1,
Windows 7 Security Technical Implementation Guide,V-15687,5.248,SV-25198r1_rule,Prevent first use dialog boxes for Windows Media Player from displaying for users. ,HKLM\\Software\\Policies\\Microsoft\\WindowsMediaPlayer,GroupPrivacyAcceptance,REG_DWORD,1,
Windows 7 Security Technical Implementation Guide,V-15696,5.2,SV-25138r1_rule,Disable the Mapper I/O Driver.,HKLM\\Software\\Policies\\Microsoft\\Windows\\LLTD,AllowLLTDIOOndomain,,,
Windows 7 Security Technical Implementation Guide,V-15697,5.201,SV-25139r1_rule,Disable the Responder network protocol driver.,HKLM\\Software\\Policies\\Microsoft\\Windows\\LLTD,AllowRspndrOndomain,,,
Windows 7 Security Technical Implementation Guide,V-15698,5.206,SV-25143r1_rule,The configuration of wireless devices using Windows Connect Now will be disabled.,HKLM\\Software\\Policies\\Microsoft\\Windows\\WCN\\Registrars,DisableFlashConfigRegistrar,,,
Windows 7 Security Technical Implementation Guide,V-15699,5.207,SV-25144r1_rule,Disable the Windows Connect Now wizards.,HKLM\\Software\\Policies\\Microsoft\\Windows\\WCN\\UI,DisableWcnUi,REG_DWORD,1,
Windows 7 Security Technical Implementation Guide,V-15700,5.208,SV-25145r1_rule,Disable remote access to the plug and play interface.,HKLM\\Software\\Policies\\Microsoft\\Windows\\DeviceInstall\\Settings,AllowRemoteRPC,REG_DWORD,0,
Windows 7 Security Technical Implementation Guide,V-15701,5.209,SV-25147r1_rule,Enable restore points for device driver installations.,HKLM\\Software\\Policies\\Microsoft\\Windows\\DeviceInstall\\Settings,DisableSystemRestore,REG_DWORD,0,
Windows 7 Security Technical Implementation Guide,V-15702,5.21,SV-25146r1_rule,A Windows error report is not sent when a generic driver is installed.,HKLM\\Software\\Policies\\Microsoft\\Windows\\DeviceInstall\\Settings,DisableSendGenericDriverNotFoundToWER,REG_DWORD,1,
Windows 7 Security Technical Implementation Guide,V-15703,5.211,SV-25148r1_rule,Users will not be prompted to search Windows Update for device drivers.,HKLM\\Software\\Policies\\Microsoft\\Windows\\DriverSearching,DontPromptForWindowsUpdate,REG_DWORD,1,
Windows 7 Security Technical Implementation Guide,V-15704,5.215,SV-25153r1_rule,Handwriting recognition error reports (Tablet PCs) are not sent to Microsoft.,HKLM\\Software\\Policies\\Microsoft\\Windows\\HandwritingErrorReports,PreventHandwritingErrorReports,REG_DWORD,1,
Windows 7 Security Technical Implementation Guide,V-15705,5.224,SV-25167r1_rule,Password is required on resume from sleep (on battery).,HKLM\\Software\\Policies\\Microsoft\\Power\\PowerSettings\\0e796bdb-100d-47d6-a2d5-f7d2daa51f51,DCSettingIndex,REG_DWORD,1,
Windows 7 Security Technical Implementation Guide,V-15706,5.225,SV-25168r1_rule,Password is required on resume from sleep (plugged in).,HKLM\\Software\\Policies\\Microsoft\\Power\\PowerSettings\\0e796bdb-100d-47d6-a2d5-f7d2daa51f51,ACSettingIndex,REG_DWORD,1,
Windows 7 Security Technical Implementation Guide,V-15707,5.226,SV-25171r1_rule,Session logging for Remote Assistance is enabled.,HKLM\\Software\\Policies\\Microsoft\\Windows NT\\Terminal Services,LoggingEnabled,REG_DWORD,1,
Windows 7 Security Technical Implementation Guide,V-15709,5.228,SV-25177r1_rule,Disable Game Explorer information downloads.,HKLM\\Software\\Policies\\Microsoft\\Windows\\GameUX,DownloadGameInfo,REG_DWORD,0,
Windows 7 Security Technical Implementation Guide,V-15711,5.232,SV-25184r1_rule,Turn off indexing of encrypted files.,HKLM\\Software\\Policies\\Microsoft\\Windows\\Windows Search,AllowIndexingEncryptedStoresOrItems,REG_DWORD,0,
Windows 7 Security Technical Implementation Guide,V-15712,5.233,SV-25185r1_rule,Turn off indexing of mail items in Exchange Folder when Outlook is running in uncached mode.,HKLM\\Software\\Policies\\Microsoft\\Windows\\Windows Search,PreventIndexingUncachedExchangeFolders,REG_DWORD,1,
Windows 7 Security Technical Implementation Guide,V-15713,5.234,SV-25186r1_rule,Turn off Windows Defender SpyNet reporting.,HKLM\\Software\\Policies\\Microsoft\\Windows Defender\\Spynet,SpyNetReporting,REG_DWORD,1 or 2 = a Finding,
Windows 7 Security Technical Implementation Guide,V-15714,5.235,SV-25187r1_rule,Log error reporting events in the system event log.,HKLM\\Software\\Policies\\Microsoft\\Windows\\Windows Error Reporting,LoggingDisabled,REG_DWORD,0,
Windows 7 Security Technical Implementation Guide,V-15715,5.236,SV-25188r1_rule,Turn off Windows Error Reporting to Microsoft.,HKLM\\Software\\Policies\\Microsoft\\Windows\\Windows Error Reporting,Disabled,REG_DWORD,1,
Windows 7 Security Technical Implementation Guide,V-15717,5.238,SV-25190r1_rule,Requests for additional data in response to Error Reporting will be declined. ,HKLM\\Software\\Policies\\Microsoft\\Windows\\Windows Error Reporting,DontSendAdditionalData,REG_DWORD,1,
Windows 7 Security Technical Implementation Guide,V-15718,5.239,SV-25191r2_rule,Disable heap termination on corruption in Windows Explorer.,HKLM\\Software\\Policies\\Microsoft\\Windows\\Explorer,NoHeapTerminationOnCorruption,REG_DWORD,0,
Windows 7 Security Technical Implementation Guide,V-15719,5.244,SV-25196r2_rule,Report whether logon server was accessible or cached credentials were used.,HKLM\\Software\\Microsoft\\Windows\\CurrentVersion\\Policies\System,ReportControllerMissing,REG_DWORD,1,
Windows 7 Security Technical Implementation Guide,V-15722,5.247,SV-25197r1_rule,Prevent Windows Media Digital Rights Management (DRM) from accessing the Internet.,HKLM\\Software\\Policies\\Microsoft\\WMDRM,DisableOnline,REG_DWORD,1,
Windows 7 Security Technical Implementation Guide,V-15724,5.25,SV-25267r1_rule,Unsigned gadgets will not be installed.,HKLM\\Software\\Microsoft\\Windows\\CurrentVersion\\Policies\\Windows\\Sidebar,TurnOffUnsignedGadgets,REG_DWORD,1,
Windows 7 Security Technical Implementation Guide,V-15725,5.251,SV-25268r1_rule,The More Gadgets link will be disabled.,HKLM\\Software\\Microsoft\\Windows\\CurrentVersion\\Policies\\Windows\\Sidebar,OverrideMoreGadgetsLink,REG_SZ,about:blank,
Windows 7 Security Technical Implementation Guide,V-15726,5.252,SV-25269r1_rule,Turn off user-installed gadgets.,HKLM\\Software\\Microsoft\\Windows\\CurrentVersion\\Policies\\Windows\\Sidebar,TurnOffUserInstalledGadgets,REG_DWORD,1,
Windows 7 Security Technical Implementation Guide,V-15727,5.253,SV-25208r1_rule,Prevent users from sharing files from within their profiles.,HKCU\\Software\\Microsoft\\Windows\\CurrentVersion\\Policies\Explorer,NoInPlaceSharing,REG_DWORD,1,
Windows 7 Security Technical Implementation Guide,V-16007,3.139,SV-25126r1_rule,8dot3 name creation is prevented.,HKLM\\System\\CurrentControlSet\Control\FileSystem,NtfsDisable8dot3NameCreation,REG_DWORD,0,
Windows 7 Security Technical Implementation Guide,V-16008,3.14,SV-25120r1_rule,UAC - All application are elevated.,HKLM\\Software\\Microsoft\\Windows\\CurrentVersion\\Policies\\System,ValidateAdminCodeSignatures,REG_DWORD,0,
Windows 7 Security Technical Implementation Guide,V-16020,5.254,SV-25163r1_rule,Windows Customer Experience Improvement Program is disabled.,HKLM\\Software\\Policies\\Microsoft\SQMClient\WindowsValue,CEIPEnable,REG_DWORD,0,
Windows 7 Security Technical Implementation Guide,V-16021,5.255,SV-25202r1_rule,Help Experience Improvement Program is disabled.,HKCU\\Software\\Policies\\Microsoft\\Assistance\\Client\\1.0Value,NoImplicitFeedback,REG_DWORD,1,
Windows 7 Security Technical Implementation Guide,V-16048,5.256,SV-25203r1_rule,Disable Help Ratings feed back.,HKCU\\Software\\Policies\\Microsoft\\Assistance\\Client\\1.0Value,NoExplicitFeedback,REG_DWORD,1,
Windows 7 Security Technical Implementation Guide,V-17373,3.004,SV-25036r1_rule,Secure Removable Media – CD-ROM,HKLM\\Software\\Microsoft\\Windows NT\\CurrentVersion\\Winlogon,AllocateCDRoms,REG_SZ,0,
Windows 7 Security Technical Implementation Guide,V-17415,5.45,SV-25217r2_rule,The Windows Firewall must be enabled for the Domain Profile.,HKLM\\Software\\Policies\\Microsoft\\WindowsFirewall\\DomainProfile,EnableFirewall,REG_DWORD,1,
Windows 7 Security Technical Implementation Guide,V-17416,5.451,SV-25218r2_rule,The Windows Firewall must be enabled for the Private Profile.,HKLM\\Software\\Policies\\Microsoft\\WindowsFirewall\\PrivateProfile,EnableFirewall,REG_DWORD,1,
Windows 7 Security Technical Implementation Guide,V-17417,5.452,SV-25219r2_rule,The Windows Firewall must be enabled for the Public Profile.,HKLM\\Software\\Policies\\Microsoft\\WindowsFirewall\\PublicProfile,EnableFirewall,REG_DWORD,1,
Windows 7 Security Technical Implementation Guide,V-17418,5.453,SV-25220r2_rule,The Windows Firewall must block unsolicited inbound connections for the Domain Profile.,HKLM\\Software\\Policies\\Microsoft\\WindowsFirewall\\DomainProfile,DefaultInboundAction,REG_DWORD,1,
Windows 7 Security Technical Implementation Guide,V-17419,5.454,SV-25221r2_rule,"The Windows Firewall must allow outbound connections, unless a rule explicitly blocks the connection for the Domain Profile.",HKLM\\Software\\Policies\\Microsoft\\WindowsFirewall\\DomainProfile,DefaultOutboundAction,REG_DWORD,0,
Windows 7 Security Technical Implementation Guide,V-17420,5.455,SV-25222r2_rule,The Windows Firewall must display notifications when a program is blocked from receiving an inbound connection for the Domain Profile.,HKLM\\Software\\Policies\\Microsoft\\WindowsFirewall\\DomainProfile,DisableNotifications,REG_DWORD,0,
Windows 7 Security Technical Implementation Guide,V-17421,5.456,SV-25223r2_rule,The Windows Firewall must block unicast response to multicast or broadcast messages for the Domain Profile.,HKLM\\Software\\Policies\\Microsoft\\WindowsFirewall\\DomainProfile,DisableUnicastResponsesToMulticastBroadcast,REG_DWORD,1,
Windows 7 Security Technical Implementation Guide,V-17422,5.457,SV-25224r2_rule,Local firewall rules for the Windows Firewall must not be merged with group policy rules for the Domain Profile.,HKLM\\Software\\Policies\\Microsoft\\WindowsFirewall\\DomainProfile,AllowLocalPolicyMerge,REG_DWORD,0,
Windows 7 Security Technical Implementation Guide,V-17423,5.458,SV-25225r2_rule,Local firewall connection rules for the Windows Firewall must not be merged with group policy rules for the Private Profile.,HKLM\\Software\\Policies\\Microsoft\\WindowsFirewall\\DomainProfile,AllowLocalIPsecPolicyMerge,REG_DWORD,0,
Windows 7 Security Technical Implementation Guide,V-17424,5.459,SV-25226r2_rule,The Windows Firewall log file name and location must be configured for the Domain Profile.,HKLM\\Software\\Policies\\Microsoft\\WindowsFirewall\\DomainProfile\\Logging,LogFilePath,REG_SZ,%windir%\\system32\\logfiles\\firewall\\Domainfirewall.log,
Windows 7 Security Technical Implementation Guide,V-17425,5.46,SV-25227r2_rule,The Windows Firewall log size must be configured for the Domain Profile.,HKLM\\Software\\Policies\\Microsoft\\WindowsFirewall\\DomainProfile\\Logging,LogFileSize,REG_DWORD,16384,
Windows 7 Security Technical Implementation Guide,V-17426,5.461,SV-25228r2_rule,The Windows Firewall must log dropped packets for the Domain Profile.,HKLM\\Software\\Policies\\Microsoft\\WindowsFirewall\\DomainProfile\\Logging,LogDroppedPackets,REG_DWORD,1,
Windows 7 Security Technical Implementation Guide,V-17427,5.462,SV-25229r2_rule,The Windows Firewall must log successful connections for the Domain Profile.,HKLM\\Software\\Policies\\Microsoft\\WindowsFirewall\\DomainProfile\\Logging,LogSuccessfulConnections,REG_DWORD,1,
Windows 7 Security Technical Implementation Guide,V-17428,5.463,SV-25230r2_rule,The Windows Firewall must block unsolicited inbound connections for the Private Profile.,HKLM\\Software\\Policies\\Microsoft\\WindowsFirewall\\PrivateProfile,DefaultInboundAction,REG_DWORD,1,
Windows 7 Security Technical Implementation Guide,V-17429,5.464,SV-25231r2_rule,"The Windows Firewall must allow outbound connections, unless a rule explicitly blocks the connection for the Private Profile.",HKLM\\Software\\Policies\\Microsoft\\WindowsFirewall\\PrivateProfile,DefaultOutboundAction,REG_DWORD,0,
Windows 7 Security Technical Implementation Guide,V-17430,5.465,SV-25232r2_rule,The Windows Firewall must display notifications when a program is blocked from receiving an inbound connection for the Private Profile.,HKLM\\Software\\Policies\\Microsoft\\WindowsFirewall\\PrivateProfile,DisableNotifications,REG_DWORD,0,
Windows 7 Security Technical Implementation Guide,V-17431,5.466,SV-25233r2_rule,The Windows Firewall must block unicast response to multicast or broadcast messages for the Private Profile.,HKLM\\Software\\Policies\\Microsoft\\WindowsFirewall\\PrivateProfile,DisableUnicastResponsesToMulticastBroadcast,REG_DWORD,1,
Windows 7 Security Technical Implementation Guide,V-17432,5.467,SV-25234r2_rule,Local firewall rules for the Windows Firewall must not be merged with group policy rules for the Private Profile.,HKLM\\Software\\Policies\\Microsoft\\WindowsFirewall\\PrivateProfile,AllowLocalPolicyMerge,REG_DWORD,0,
Windows 7 Security Technical Implementation Guide,V-17433,5.468,SV-25235r2_rule,Local firewall connection rules for the Windows Firewall must not be merged with group policy rules for the Private Profile.,HKLM\\Software\\Policies\\Microsoft\\WindowsFirewall\\PrivateProfile,AllowLocalIPsecPolicyMerge,REG_DWORD,0,
Windows 7 Security Technical Implementation Guide,V-17434,5.469,SV-25236r2_rule,The Windows Firewall log file name and location must be configured for the Private Profile.,HKLM\\Software\\Policies\\Microsoft\\WindowsFirewall\\PrivateProfile\\LoggingValue,LogFilePath,REG_SZ,%windir%\\system32\\logfiles\\firewall\\Privatefirewall.log,
Windows 7 Security Technical Implementation Guide,V-17435,5.47,SV-25237r2_rule,The Windows Firewall log size must be configured for the Private Profile.,HKLM\\Software\\Policies\\Microsoft\\WindowsFirewall\\PrivateProfile\\LoggingValue,LogFileSize,REG_DWORD,16384 (or greater),
Windows 7 Security Technical Implementation Guide,V-17436,5.471,SV-25238r2_rule,The Windows Firewall must log dropped packets for the Private Profile.,HKLM\\Software\\Policies\\Microsoft\\WindowsFirewall\\PrivateProfile\\LoggingValue,LogDroppedPackets,REG_DWORD,1,
Windows 7 Security Technical Implementation Guide,V-17437,5.472,SV-25239r2_rule,The Windows Firewall must log successful connections for the Private Profile.,HKLM\\Software\\Policies\\Microsoft\\WindowsFirewall\\PrivateProfile\\LoggingValue,LogSuccessfulConnections,REG_DWORD,1,
Windows 7 Security Technical Implementation Guide,V-17438,5.473,SV-25240r2_rule,The Windows Firewall must block unsolicited inbound connections for the Public Profile.,HKLM\\Software\\Policies\\Microsoft\\WindowsFirewall\\PublicProfile,DefaultInboundAction,REG_DWORD,1,
Windows 7 Security Technical Implementation Guide,V-17439,5.474,SV-25241r2_rule,"The Windows Firewall must allow outbound connections, unless a rule explicitly blocks the connection for the Public Profile.",HKLM\\Software\\Policies\\Microsoft\\WindowsFirewall\\PublicProfile,DefaultOutboundAction,REG_DWORD,0,
Windows 7 Security Technical Implementation Guide,V-17440,5.475,SV-25242r2_rule,The Windows Firewall must display notifications when a program is blocked from receiving an inbound connection for the Public Profile.,HKLM\\Software\\Policies\\Microsoft\\WindowsFirewall\\PublicProfile,DisableNotifications,REG_DWORD,0,
Windows 7 Security Technical Implementation Guide,V-17441,5.476,SV-25243r2_rule,The Windows Firewall must block unicast response to multicast or broadcast messages for the Public Profile.,HKLM\\Software\\Policies\\Microsoft\\WindowsFirewall\\PublicProfile,DisableUnicastResponsesToMulticastBroadcast,REG_DWORD,1,
Windows 7 Security Technical Implementation Guide,V-17442,5.477,SV-25244r2_rule,Local firewall rules for the Windows Firewall must not be merged with group policy rules for the Public Profile.,HKLM\\Software\\Policies\\Microsoft\\WindowsFirewall\\PublicProfile,AllowLocalPolicyMerge,REG_DWORD,0,
Windows 7 Security Technical Implementation Guide,V-17443,5.478,SV-25245r2_rule,Local firewall connection rules for the Windows Firewall must not be merged with group policy rules for the Public Profile.,HKLM\\Software\\Policies\\Microsoft\\WindowsFirewall\\PublicProfile,AllowLocalIPsecPolicyMerge,REG_DWORD,0,
Windows 7 Security Technical Implementation Guide,V-17444,5.479,SV-25246r2_rule,The Windows Firewall log file name and location must be configured for the Public Profile.,HKLM\\Software\\Policies\\Microsoft\\WindowsFirewall\\PublicProfile\\Logging,LogFilePath,REG_SZ,%windir%\\system32\\logfiles\\firewall\\Publicfirewall.log,
Windows 7 Security Technical Implementation Guide,V-17445,5.48,SV-25247r2_rule,The Windows Firewall log size must be configured for the Public Profile.,HKLM\\Software\\Policies\\Microsoft\\WindowsFirewall\\PublicProfile\\Logging,LogFileSize,REG_DWORD,16384 (or greater),
Windows 7 Security Technical Implementation Guide,V-17446,5.481,SV-25248r2_rule,The Windows Firewall must log dropped packets for the Public Profile.,HKLM\\Software\\Policies\\Microsoft\\WindowsFirewall\\PublicProfile\\Logging,LogDroppedPackets,REG_DWORD,1,
Windows 7 Security Technical Implementation Guide,V-17447,5.482,SV-25249r2_rule,The Windows Firewall must log successful connections for the Public Profile.,HKLM\\Software\\Policies\\Microsoft\\WindowsFirewall\\PublicProfile\\Logging,LogSuccessfulConnections,REG_DWORD,1,
Windows 7 Security Technical Implementation Guide,V-21950,3.15,SV-25273r1_rule,Configure the SPN target name validation level.,HKLM\\System\\CurrentControlSet\\Services\\LanmanServer\\Parameters,SmbServerNameHardeningLevel,REG_DWORD,1,
Windows 7 Security Technical Implementation Guide,V-21951,3.151,SV-25274r1_rule,Computer Identity Authentication for NTLM is used.,HKLM\\System\\CurrentControlSet\\Control\\LSA,UseMachineId,REG_DWORD,1,
Windows 7 Security Technical Implementation Guide,V-21952,3.152,SV-25275r1_rule,Prevent NTLM from falling back to a Null session.,HKLM\\System\\CurrentControlSet\\Control\\LSA\MSV1_0,allownullsessionfallback,REG_DWORD,0,
Windows 7 Security Technical Implementation Guide,V-21953,3.153,SV-25276r1_rule,Prevent PKU2U authentication using online identities.,HKLM\\System\\CurrentControlSet\\Control\LSA\pku2u,AllowOnlineID,REG_DWORD,0,
Windows 7 Security Technical Implementation Guide,V-21954,3.154,SV-25277r1_rule,Configure Kerberos encryption types.,HKLM\\Sofware\\Microsoft\\Windows\\CurrentVersion\\Policies\\System\\Kerberos\\Parameters,SupportedEncryptionTypes,REG_DWORD,0x7ffffffc (2147483644),
Windows 7 Security Technical Implementation Guide,V-21955,3.155,SV-25278r1_rule,Configure IPv6 source routing to highest protection.,HKLM\\System\\CurrentControlSet\\Services\\Tcpip6\\Parameters,DisableIpSourceRouting,REG_DWORD,2,
Windows 7 Security Technical Implementation Guide,V-21956,3.156,SV-25279r1_rule,Configure IPv6 TCP data retransmissions to prevent resources from becoming exhausted.,HKLM\\System\\CurrentControlSet\\Services\\Tcpip6\\Parameters,TcpMaxDataRetransmissions,REG_DWORD,3 (or less),
Windows 7 Security Technical Implementation Guide,V-21960,5.27,SV-25286r1_rule,Require domain users to elevate when setting a network’s location.,HKLM\\Software\\Policies\\Microsoft\\Windows\\Network Connections,NC_StdDomainUserSetLocation,REG_DWORD,1,
Windows 7 Security Technical Implementation Guide,V-21961,5.271,SV-25287r1_rule,Route all Direct Access  traffic through internal network.,HKLM\\Software\\Policies\\Microsoft\\Windows\\TCPIP\\v6Transition,Force_Tunneling,REG_SZ,Enabled,
Windows 7 Security Technical Implementation Guide,V-21963,5.272,SV-25289r1_rule,Prevent searching Windows Update for point and print drivers. ,HKLM\\Software\\Policies\\Microsoft\\Windows NT\\Printers,DoNotInstallCompatibleDriverFromWindowsUpdate,REG_DWORD,1,
Windows 7 Security Technical Implementation Guide,V-21964,5.273,SV-25290r1_rule,Prevent device metadata retrieval from the Internet.,HKLM\\Software\\Policies\\Microsoft\\Windows\\Device Metadata,PreventDeviceMetadataFromNetwork,REG_DWORD,1,
Windows 7 Security Technical Implementation Guide,V-21966,5.275,SV-25292r1_rule,Prevent handwriting personalization data sharing with Microsoft.,HKLM\\Software\\Policies\\Microsoft\\Windows\\TabletPC,PreventHandwritingDataSharing,REG_DWORD,1,
Windows 7 Security Technical Implementation Guide,V-21967,5.276,SV-25293r1_rule,Prevent Microsoft Support Diagnostic Tool (MSDT) interactive communication with Microsoft.,HKLM\\Software\\Policies\\Microsoft\\Windows\\ScriptedDiagnosticsProvider\Policy,DisableQueryRemoteServer,REG_DWORD,0,
Windows 7 Security Technical Implementation Guide,V-21969,5.277,SV-25295r1_rule,Prevent access to Windows Online Troubleshooting Service (WOTS).,HKLM\\Software\\Policies\\Microsoft\\Windows\\ScriptedDiagnosticsProvider\Policy,EnableQueryRemoteServer,REG_DWORD,0,
Windows 7 Security Technical Implementation Guide,V-21970,5.278,SV-25296r1_rule,Disable Performance PerfTrack.,HKLM\\Software\\Policies\\Microsoft\\Windows\\WDI\\{9c5a40da-b965-4fc3-8781-88dd50a6299d},ScenarioExecutionEnabled,REG_DWORD,0,
Windows 7 Security Technical Implementation Guide,V-21971,5.279,SV-25297r1_rule,Prevent the Application Compatibility Program Inventory from collecting data and sending the information to Microsoft.,HKLM\\Software\\Policies\\Microsoft\\Windows\\AppCompat,DisableInventory,REG_DWORD,1,
Windows 7 Security Technical Implementation Guide,V-21973,5.28,SV-25299r1_rule,Turn off autoplay for non-volume devices.,HKLM\\Software\\Policies\\Microsoft\\Windows\\Explorer,NoAutoplayfornonVolume,REG_DWORD,1,
Windows 7 Security Technical Implementation Guide,V-21974,5.281,SV-25300r1_rule,Turn off downloading of game updates.,HKLM\\Software\\Policies\\Microsoft\\Windows\\GameUX,GameUpdateOptions,REG_DWORD,"0	",
Windows 7 Security Technical Implementation Guide,V-21975,5.282,SV-25301r1_rule,Prevent the system from joining a homegroup.,HKLM\\Software\\Policies\\Microsoft\\Windows\\Homegroup,DisableHomeGroup,REG_DWORD,"1	",
Windows 7 Security Technical Implementation Guide,V-21978,5.284,SV-25304r1_rule,Windows Anytime Upgrade is not disabled.,HKLM\\Software\\Microsoft\\Windows\\CurrentVersion\\Policies\\Explorer\\WAU,Disabled,REG_DWORD,1,
Windows 7 Security Technical Implementation Guide,V-21980,5.285,SV-25306r1_rule,Explorer Data Execution Prevention is disabled.,HKLM\\Software\\Policies\\Microsoft\\Windows\\Explorer,NoDataExecutionPrevention,REG_DWORD,0,
Windows 7 Security Technical Implementation Guide,V-22692,5.286,SV-27159r1_rule,Configure the default autorun behavior to prevent autorun commands.,HKLM\\SOFTWARe\\Microsoft\\Windows\\CurrentVersion\\Policies\Explorer,NoAutorun,REG_DWORD,1,
Windows 7 Security Technical Implementation Guide,V-26575,WINNE-000001,SV-36005r1_rule,The 6to4 IPv6 transition technology will be disabled.,HKLM\\Software\\Policies\\Microsoft\\Windows\\TCPIP\\v6Transition,6to4_State,REG_SZ,Disabled,
Windows 7 Security Technical Implementation Guide,V-26576,WINNE-000002,SV-36006r1_rule,The IP-HTTPS IPv6 transition technology will be disabled.,HKLM\\Software\\Policies\\Microsoft\\Windows\\TCPIP\\v6Transition\\IPHTTPS\\IPHTTPSInterface,IPHTTPS_ClientState,REG_DWORD,3,
Windows 7 Security Technical Implementation Guide,V-26577,WINNE-000003,SV-36007r1_rule,The ISATAP IPv6 transition technology will be disabled.,HKLM\\Software\\Policies\\Microsoft\\Windows\\TCPIP\\v6Transition,ISATAP_State,REG_SZ,Disabled,
Windows 7 Security Technical Implementation Guide,V-26578,WINNE-000004,SV-36008r1_rule,The Teredo IPv6 transition technology will be disabled.,HKLM\\Software\\Policies\\Microsoft\\Windows\\TCPIP\\v6Transition,Teredo_State,REG_SZ,Disabled,
Windows 7 Security Technical Implementation Guide,V-26579,WINAU-100100,SV-36021r1_rule,The Application event log will be configured to a minimum size requirement.,HKLM\\Software\\Policies\\Microsoft\\Windows\\EventLog\\ApplicationValue,MaxSize,REG_DWORD,32768,
Windows 7 Security Technical Implementation Guide,V-26580,WINAU-100101,SV-36022r1_rule,The Security event log will be configured to a minimum size requirement.,HKLM\\Software\\Policies\\Microsoft\\Windows\\EventLog\\SecurityValue,MaxSize,REG_DWORD,81920,
Windows 7 Security Technical Implementation Guide,V-26581,WINAU-100102,SV-36023r1_rule,The Setup event log will be configured to a minimum size requirement.,HKLM\\Software\\Policies\\Microsoft\\Windows\\EventLog\\SetupValue,MaxSize,REG_DWORD,32768,
Windows 7 Security Technical Implementation Guide,V-26582,WINAU-100103,SV-36024r1_rule,The System event log will be configured to a minimum size requirement.,HKLM\\Software\\Policies\\Microsoft\\Windows\\EventLog\\SystemValue,MaxSize,REG_DWORD,32768,
Windows 7 Security Technical Implementation Guide,V-34974,WINCC-000001,SV-46219r1_rule,The Windows Installer Always install with elevated privileges must be disabled.,HKLM\\Software\\Policies\\Microsoft\\Windows\\Installer,AlwaysInstallElevated,REG_DWORD,0,
Windows 7 Security Technical Implementation Guide,V-36439,WINRG-000003,SV-47847r1_rule,Local administrator accounts must have their privileged token filtered to prevent elevated privileges from being used over the network on domain systems.,HKLM\\SOFTWARe\\Microsoft\\Windows\\CurrentVersion\\Policies\\SystemValue,LocalAccountTokenFilterPolicy,REG_DWORD,0,
Windows 7 Security Technical Implementation Guide,V-36701,WINCC-000078,SV-49948r1_rule,The Enhanced Mitigation Experience Toolkit (EMET) system-wide Address Space Layout Randomization (ASLR) must be enabled and configured to Application Opt In.,HKLM\\Software\\Policies\\Microsoft\\EMET\\SysSettings,ASLR,REG_DWORD,3,
Windows 7 Security Technical Implementation Guide,V-36705,WINCC-000082,SV-50057r1_rule,The Enhanced Mitigation Experience Toolkit (EMET) system-wide Data Execution Prevention (DEP) must be enabled and configured to at least Application Opt Out.,HKLM\\Software\\Policies\\Microsoft\\EMET\\SysSettings,DEP,REG_DWORD,2,
Windows 7 Security Technical Implementation Guide,V-36706,WINCC-000083,SV-50063r1_rule,The Enhanced Mitigation Experience Toolkit (EMET) system-wide Structured Exception Handler Overwrite Protection (SEHOP) must be configured to Application Opt Out.,HKLM\\Software\\Policies\\Microsoft\\EMET\\SysSettings,SEHOP,REG_DWORD,2,
